date, price
2000/1/4,178
2000/1/5,182
2000/1/6,178
2000/1/7,173
2000/1/10,179
2000/1/11,176
2000/1/12,181
2000/1/13,178
2000/1/14,182
2000/1/15,188
2000/1/17,187
2000/1/18,184
2000/1/19,184
2000/1/20,182
2000/1/21,186
2000/1/24,188
2000/1/25,193
2000/1/26,206
2000/1/27,208
2000/1/28,204
2000/1/29,200
2000/1/31,203
2000/2/1,202
2000/2/9,211
2000/2/10,214
2000/2/11,219
2000/2/14,214
2000/2/15,215
2000/2/16,213
2000/2/17,211
2000/2/18,208
2000/2/19,205
2000/2/21,195
2000/2/22,195
2000/2/23,194
2000/2/24,195
2000/2/25,199
2000/2/29,201
2000/3/1,206
2000/3/2,203
2000/3/3,203
2000/3/4,204
2000/3/6,200
2000/3/7,199
2000/3/8,198
2000/3/9,200
2000/3/10,195
2000/3/13,182
2000/3/14,186
2000/3/15,183
2000/3/16,184
2000/3/17,190
2000/3/20,184
2000/3/21,195
2000/3/22,192
2000/3/23,201
2000/3/24,198
2000/3/27,211
2000/3/28,209
2000/3/29,204
2000/3/30,208
2000/3/31,205
2000/4/1,210
2000/4/5,208
2000/4/6,202
2000/4/7,200
2000/4/8,200
2000/4/10,210
2000/4/11,205
2000/4/12,200
2000/4/13,192
2000/4/14,186
2000/4/15,176
2000/4/17,179
2000/4/18,189
2000/4/19,183
2000/4/20,186
2000/4/21,186
2000/4/24,180
2000/4/25,187
2000/4/26,185
2000/4/27,188
2000/4/28,197
2000/4/29,195
2000/5/2,193
2000/5/3,188
2000/5/4,187
2000/5/5,192
2000/5/6,190
2000/5/8,193
2000/5/9,193
2000/5/10,188
2000/5/11,179
2000/5/12,185
2000/5/15,141
2000/5/16,149.5
2000/5/17,159
2000/5/18,163
2000/5/19,162
2000/5/20,160
2000/5/22,158
2000/5/23,153
2000/5/24,148.5
2000/5/25,145.5
2000/5/26,145.5
2000/5/29,145.5
2000/5/30,151
2000/5/31,157
2000/6/1,153
2000/6/2,155
2000/6/3,157
2000/6/5,158
2000/6/7,161
2000/6/8,157
2000/6/9,158
2000/6/12,157
2000/6/13,155
2000/6/14,154
2000/6/15,150
2000/6/16,150
2000/6/17,149.5
2000/6/19,148
2000/6/20,148.5
2000/6/21,147
2000/6/22,149
2000/6/23,146
2000/6/26,141.5
2000/6/27,141.5
2000/6/28,144
2000/6/29,142.5
2000/6/30,146
2000/7/3,143.5
2000/7/4,141
2000/7/5,149
2000/7/6,145
2000/7/7,142
2000/7/10,143.5
2000/7/11,144
2000/7/12,143.5
2000/7/13,145
2000/7/14,146
2000/7/15,145.5
2000/7/17,143.5
2000/7/18,142
2000/7/19,142
2000/7/20,135
2000/7/21,130
2000/7/24,126.5
2000/7/25,125.5
2000/7/26,130
2000/7/27,129
2000/7/28,127.5
2000/7/29,128
2000/7/31,127
2000/8/1,126
2000/8/2,125
2000/8/3,122
2000/8/4,125.5
2000/8/5,126
2000/8/7,123
2000/8/8,125.5
2000/8/9,130
2000/8/10,133
2000/8/11,131
2000/8/14,130
2000/8/15,130.5
2000/8/16,135
2000/8/17,138
2000/8/18,139.5
2000/8/19,138.5
2000/8/21,138
2000/8/22,137
2000/8/24,139.5
2000/8/25,140.5
2000/8/28,138
2000/8/29,137
2000/8/30,135
2000/8/31,134.5
2000/9/1,130
2000/9/2,133
2000/9/4,133.5
2000/9/5,134
2000/9/6,131
2000/9/7,125.5
2000/9/8,124.5
2000/9/11,124
2000/9/13,124
2000/9/14,120
2000/9/15,122.5
2000/9/16,121.5
2000/9/18,121
2000/9/19,113
2000/9/20,115
2000/9/21,114.5
2000/9/22,106.5
2000/9/25,106.5
2000/9/26,113.5
2000/9/27,111
2000/9/28,106.5
2000/9/29,104
2000/9/30,100
2000/10/2,98.5
2000/10/3,103
2000/10/4,99.5
2000/10/5,103
2000/10/6,110
2000/10/7,111
2000/10/9,107.5
2000/10/11,104
2000/10/12,97
2000/10/13,96.5
2000/10/16,91.5
2000/10/17,94
2000/10/18,87.5
2000/10/19,81.5
2000/10/20,87
2000/10/21,93
2000/10/23,99.5
2000/10/24,106
2000/10/25,107.5
2000/10/26,105.5
2000/10/27,102
2000/10/30,98.5
2000/10/31,98
2000/11/1,97
2000/11/2,103.5
2000/11/3,109.5
2000/11/4,106
2000/11/6,109
2000/11/7,116.5
2000/11/8,117
2000/11/9,115
2000/11/10,114
2000/11/13,106.5
2000/11/14,106.5
2000/11/15,107
2000/11/16,100
2000/11/17,98.5
2000/11/18,94
2000/11/20,88
2000/11/21,94
2000/11/22,91
2000/11/23,89
2000/11/24,95
2000/11/27,94.5
2000/11/28,92.5
2000/11/29,90.5
2000/11/30,89.5
2000/12/1,91.5
2000/12/2,90
2000/12/4,88
2000/12/5,88.5
2000/12/6,89
2000/12/7,91
2000/12/8,90
2000/12/11,90
2000/12/12,92.5
2000/12/13,92
2000/12/14,90.5
2000/12/15,88
2000/12/16,87.5
2000/12/18,84.5
2000/12/19,84
2000/12/20,81.5
2000/12/21,79
2000/12/22,78
2000/12/26,76
2000/12/27,75
2000/12/28,80
2000/12/29,79.5
2000/12/30,78.5
2001/1/2,83.5
2001/1/3,80.5
2001/1/4,85
2001/1/5,90.5
2001/1/8,89.5
2001/1/9,93
2001/1/10,94
2001/1/11,92.5
2001/1/12,94
2001/1/15,94.5
2001/1/16,101
2001/1/17,101
2001/1/18,102
2001/1/29,97
2001/1/30,99
2001/1/31,105.5
2001/2/1,101.5
2001/2/2,100.5
2001/2/5,98.5
2001/2/6,98
2001/2/7,91.5
2001/2/8,90.5
2001/2/9,91.5
2001/2/12,92
2001/2/13,98
2001/2/14,94
2001/2/15,100.5
2001/2/16,98
2001/2/19,96
2001/2/20,96
2001/2/21,97.5
2001/2/22,93.5
2001/2/23,91
2001/2/26,89
2001/2/27,90
2001/3/1,84
2001/3/2,83.5
2001/3/5,84.5
2001/3/6,88.5
2001/3/7,92
2001/3/8,90.5
2001/3/9,88
2001/3/12,85.5
2001/3/13,87
2001/3/14,86.5
2001/3/15,88
2001/3/16,88.5
2001/3/19,87
2001/3/20,86
2001/3/21,85
2001/3/22,86.5
2001/3/23,90.5
2001/3/26,90
2001/3/27,89.5
2001/3/28,89
2001/3/29,88
2001/3/30,88.5
2001/4/2,85
2001/4/3,81.5
2001/4/4,79.5
2001/4/6,82.5
2001/4/9,80
2001/4/10,79
2001/4/11,83
2001/4/12,86
2001/4/13,85
2001/4/16,84
2001/4/17,83.5
2001/4/18,85
2001/4/19,90.5
2001/4/20,90.5
2001/4/23,90
2001/4/24,88
2001/4/25,86.5
2001/4/26,89
2001/4/27,87
2001/4/30,91
2001/5/2,96
2001/5/3,96.5
2001/5/4,93
2001/5/7,95
2001/5/8,94.5
2001/5/9,95
2001/5/10,92.5
2001/5/11,94
2001/5/14,92.5
2001/5/15,89.5
2001/5/16,88
2001/5/17,89
2001/5/18,90.5
2001/5/21,88.5
2001/5/22,90
2001/5/23,94.5
2001/5/24,94
2001/5/25,94.5
2001/5/28,93
2001/5/29,93
2001/5/30,90
2001/5/31,89.5
2001/6/1,89
2001/6/4,90
2001/6/5,91
2001/6/6,93.5
2001/6/7,93
2001/6/8,97
2001/6/11,99
2001/6/12,97
2001/6/13,94
2001/6/14,92.5
2001/6/15,93.5
2001/6/18,92
2001/6/19,90.5
2001/6/20,90
2001/6/21,86
2001/6/22,85
2001/6/26,61
2001/6/27,63.5
2001/6/28,61.5
2001/6/29,64
2001/7/2,67
2001/7/3,66.5
2001/7/4,65.5
2001/7/5,65.5
2001/7/6,63
2001/7/9,61
2001/7/10,61.5
2001/7/11,61.5
2001/7/12,63.5
2001/7/13,63
2001/7/16,63
2001/7/17,62.5
2001/7/18,62
2001/7/19,61
2001/7/20,60.5
2001/7/23,58
2001/7/24,57.5
2001/7/25,59
2001/7/26,60.5
2001/7/27,63.5
2001/7/31,66
2001/8/1,68.5
2001/8/2,70.5
2001/8/3,69
2001/8/6,68
2001/8/7,66
2001/8/8,67.5
2001/8/9,65
2001/8/10,68.5
2001/8/13,68
2001/8/14,69
2001/8/15,68.5
2001/8/16,68
2001/8/17,67.5
2001/8/20,66
2001/8/21,66.5
2001/8/22,62
2001/8/23,62
2001/8/24,60.5
2001/8/27,63.5
2001/8/28,63
2001/8/29,64.5
2001/8/30,63
2001/8/31,64
2001/9/3,64
2001/9/4,66
2001/9/5,65.5
2001/9/6,64
2001/9/7,63
2001/9/10,64
2001/9/11,63
2001/9/13,59
2001/9/14,55.5
2001/9/19,54
2001/9/20,52.5
2001/9/21,51
2001/9/24,47.5
2001/9/25,47.4
2001/9/26,48.5
2001/9/27,46.5
2001/9/28,46.7
2001/10/2,45
2001/10/3,44.1
2001/10/4,44.3
2001/10/5,46.8
2001/10/8,46
2001/10/9,49.2
2001/10/11,52.5
2001/10/12,55
2001/10/15,53.5
2001/10/16,55.5
2001/10/17,58
2001/10/18,59.5
2001/10/19,58.5
2001/10/22,58
2001/10/23,57.5
2001/10/24,61.5
2001/10/25,62.5
2001/10/26,63
2001/10/29,67
2001/10/30,62.5
2001/10/31,61
2001/11/1,61
2001/11/2,62.5
2001/11/5,65
2001/11/6,65.5
2001/11/7,67
2001/11/8,67.5
2001/11/9,68
2001/11/12,68
2001/11/13,67.5
2001/11/14,72
2001/11/15,74.5
2001/11/16,77.5
2001/11/19,79.5
2001/11/20,74.5
2001/11/21,75.5
2001/11/22,73
2001/11/23,73.5
2001/11/26,74
2001/11/27,75.5
2001/11/28,74
2001/11/29,73
2001/11/30,73
2001/12/3,77.5
2001/12/4,78.5
2001/12/5,83.5
2001/12/6,89
2001/12/7,88.5
2001/12/10,84
2001/12/11,85.5
2001/12/12,88.5
2001/12/13,84
2001/12/14,83.5
2001/12/17,81
2001/12/18,82.5
2001/12/19,85.5
2001/12/20,85.5
2001/12/21,80
2001/12/24,81
2001/12/25,83.5
2001/12/26,82.5
2001/12/27,82
2001/12/28,85
2001/12/31,87.5
2002/1/2,86
2002/1/3,85.5
2002/1/4,89
2002/1/7,92.5
2002/1/8,90.5
2002/1/9,91.5
2002/1/10,90.5
2002/1/11,87.5
2002/1/14,88
2002/1/15,87.5
2002/1/16,85
2002/1/17,84.5
2002/1/18,85
2002/1/21,90.5
2002/1/22,90
2002/1/23,88.5
2002/1/24,90.5
2002/1/25,92
2002/1/28,92
2002/1/29,89
2002/1/30,87
2002/1/31,87.5
2002/2/1,85.5
2002/2/4,86
2002/2/5,85.5
2002/2/6,86.5
2002/2/18,87.5
2002/2/19,85.5
2002/2/20,82
2002/2/21,82.5
2002/2/22,81.5
2002/2/25,81
2002/2/26,80
2002/2/27,82
2002/3/1,81
2002/3/4,86.5
2002/3/5,91
2002/3/6,94.5
2002/3/7,93.5
2002/3/8,91.5
2002/3/11,97.5
2002/3/12,95
2002/3/13,94
2002/3/14,93
2002/3/15,90.5
2002/3/18,91.5
2002/3/19,91.5
2002/3/20,96
2002/3/21,94
2002/3/22,95
2002/3/25,96
2002/3/26,94.5
2002/3/27,92.5
2002/3/28,95
2002/3/29,96.5
2002/4/1,95.5
2002/4/2,96
2002/4/3,95
2002/4/4,92.5
2002/4/8,91.5
2002/4/9,91.5
2002/4/10,90.5
2002/4/11,90
2002/4/12,92
2002/4/15,91.5
2002/4/16,92.5
2002/4/17,96
2002/4/18,95.5
2002/4/19,94.5
2002/4/22,93
2002/4/23,94
2002/4/24,95
2002/4/25,92
2002/4/26,92
2002/4/29,89
2002/4/30,87.5
2002/5/2,85
2002/5/3,85
2002/5/6,81
2002/5/7,82
2002/5/8,83
2002/5/9,85
2002/5/10,86.5
2002/5/13,85
2002/5/14,87
2002/5/15,90
2002/5/16,88.5
2002/5/17,89.5
2002/5/20,87
2002/5/21,86.5
2002/5/22,88
2002/5/23,87
2002/5/24,87.5
2002/5/27,86.5
2002/5/28,86
2002/5/29,85.5
2002/5/30,86.5
2002/5/31,85.5
2002/6/3,85
2002/6/4,81.5
2002/6/5,82
2002/6/6,80.5
2002/6/7,75
2002/6/10,75
2002/6/11,74
2002/6/12,72
2002/6/13,75.5
2002/6/14,75.5
2002/6/17,74
2002/6/18,75.5
2002/6/19,68.5
2002/6/20,68.5
2002/6/21,69
2002/6/24,68.5
2002/6/25,69.5
2002/6/26,66.5
2002/6/27,66.5
2002/6/28,68
2002/7/1,67
2002/7/2,66
2002/7/3,63.5
2002/7/4,64.5
2002/7/5,67
2002/7/8,71
2002/7/9,71.5
2002/7/10,70
2002/7/11,67.5
2002/7/12,71
2002/7/15,69.5
2002/7/16,69
2002/7/17,67
2002/7/18,64.5
2002/7/19,61.5
2002/7/22,60.5
2002/7/23,62
2002/7/24,58.5
2002/7/25,58
2002/7/26,54
2002/7/29,50.5
2002/7/30,52
2002/7/31,50.5
2002/8/1,50
2002/8/2,49.9
2002/8/5,46.5
2002/8/6,46.1
2002/8/7,49.3
2002/8/8,49.1
2002/8/9,51
2002/8/12,50.5
2002/8/13,50
2002/8/14,51
2002/8/15,53
2002/8/16,53.5
2002/8/19,53.5
2002/8/20,54.5
2002/8/21,53
2002/8/22,53
2002/8/23,54
2002/8/26,52.5
2002/8/27,51
2002/8/28,50
2002/8/29,50
2002/8/30,49.9
2002/9/2,48.7
2002/9/3,48.7
2002/9/4,47.9
2002/9/5,47.5
2002/9/9,48.5
2002/9/10,50.5
2002/9/11,50.5
2002/9/12,49.9
2002/9/13,48.1
2002/9/16,47.2
2002/9/17,49
2002/9/18,45.6
2002/9/19,45.6
2002/9/20,43.5
2002/9/23,42.1
2002/9/24,42.3
2002/9/25,42
2002/9/26,42.6
2002/9/27,42
2002/9/30,41.1
2002/10/1,40.1
2002/10/2,40
2002/10/3,37.7
2002/10/4,38
2002/10/7,36
2002/10/8,35.6
2002/10/9,36
2002/10/11,35.7
2002/10/14,38
2002/10/15,40.6
2002/10/16,43.4
2002/10/17,43.5
2002/10/18,46.5
2002/10/21,45.5
2002/10/22,43.5
2002/10/23,45
2002/10/24,45
2002/10/25,46
2002/10/28,46.6
2002/10/29,46.8
2002/10/30,45.5
2002/10/31,46.5
2002/11/1,45
2002/11/4,47
2002/11/5,47.7
2002/11/6,51
2002/11/7,51.5
2002/11/8,51
2002/11/11,47.7
2002/11/12,46.8
2002/11/13,46.8
2002/11/14,46.4
2002/11/15,48.4
2002/11/18,48.2
2002/11/19,47.6
2002/11/20,46.1
2002/11/21,46.9
2002/11/22,50
2002/11/25,52
2002/11/26,50.5
2002/11/27,50
2002/11/28,50.5
2002/11/29,50.5
2002/12/2,52
2002/12/3,53.5
2002/12/4,52
2002/12/5,52.5
2002/12/6,51.5
2002/12/9,52
2002/12/10,50
2002/12/11,50
2002/12/12,49
2002/12/13,48.7
2002/12/16,47.9
2002/12/17,47.8
2002/12/18,48
2002/12/19,45.9
2002/12/20,46
2002/12/23,44.5
2002/12/24,44.8
2002/12/25,44.7
2002/12/26,46
2002/12/27,45.5
2002/12/30,43.2
2002/12/31,42.6
2003/1/2,42.5
2003/1/3,44.8
2003/1/6,44.8
2003/1/7,45.4
2003/1/8,46.5
2003/1/9,46
2003/1/10,47.2
2003/1/13,50.5
2003/1/14,50.5
2003/1/15,50.5
2003/1/16,48.6
2003/1/17,48.8
2003/1/20,47.9
2003/1/21,47.6
2003/1/22,47.8
2003/1/23,50.5
2003/1/24,49.4
2003/1/27,48.9
2003/1/28,47.7
2003/2/6,44.4
2003/2/7,42
2003/2/10,40.7
2003/2/11,41.5
2003/2/12,40.4
2003/2/13,40.2
2003/2/14,41
2003/2/17,43.8
2003/2/18,42.9
2003/2/19,43
2003/2/20,44.1
2003/2/21,44.9
2003/2/24,45.3
2003/2/25,43
2003/2/26,42.8
2003/2/27,42
2003/3/3,44
2003/3/4,43.4
2003/3/5,41.6
2003/3/6,41.4
2003/3/7,41.6
2003/3/10,42.6
2003/3/11,42.5
2003/3/12,43
2003/3/13,44.1
2003/3/14,45.5
2003/3/17,44
2003/3/18,47
2003/3/19,47.9
2003/3/20,48.6
2003/3/21,48.5
2003/3/24,48.5
2003/3/25,46.6
2003/3/26,47
2003/3/27,44.9
2003/3/28,44.4
2003/3/31,42.3
2003/4/1,42.2
2003/4/2,42.8
2003/4/3,43.9
2003/4/4,45.2
2003/4/7,46.2
2003/4/8,45.7
2003/4/9,44.8
2003/4/10,44.5
2003/4/11,44.8
2003/4/14,43.6
2003/4/15,44.7
2003/4/16,46.9
2003/4/17,45.8
2003/4/18,47.5
2003/4/21,48.3
2003/4/22,47
2003/4/23,48.3
2003/4/24,47.3
2003/4/25,45.5
2003/4/28,44
2003/4/29,45.1
2003/4/30,47.8
2003/5/2,48.3
2003/5/5,48.5
2003/5/6,47.8
2003/5/7,47.7
2003/5/8,46.7
2003/5/9,47.5
2003/5/12,48.3
2003/5/13,49.2
2003/5/14,49.2
2003/5/15,49.5
2003/5/16,48.8
2003/5/19,48.9
2003/5/20,48
2003/5/21,48
2003/5/22,48
2003/5/23,49.1
2003/5/26,49.8
2003/5/27,49.3
2003/5/28,50.5
2003/5/29,52
2003/5/30,53.5
2003/6/2,56.5
2003/6/3,56
2003/6/5,57.5
2003/6/6,58.5
2003/6/9,59
2003/6/10,57.5
2003/6/11,56.5
2003/6/12,58.5
2003/6/13,57
2003/6/16,56
2003/6/17,58
2003/6/18,59
2003/6/19,59
2003/6/20,58.5
2003/6/23,57.5
2003/6/24,57
2003/6/25,57
2003/6/26,57
2003/6/27,57
2003/6/30,57
2003/7/1,58.5
2003/7/2,60
2003/7/3,61
2003/7/4,62
2003/7/7,61
2003/7/8,62
2003/7/9,60.5
2003/7/10,57.5
2003/7/11,57.5
2003/7/14,59.5
2003/7/15,59.5
2003/7/16,59.5
2003/7/17,58
2003/7/18,58
2003/7/21,57
2003/7/22,56.5
2003/7/23,57.5
2003/7/24,58.5
2003/7/25,57
2003/7/28,58
2003/7/29,57
2003/7/30,57
2003/7/31,59
2003/8/1,60
2003/8/4,60
2003/8/5,58.5
2003/8/6,58.5
2003/8/7,60
2003/8/8,58
2003/8/11,57
2003/8/12,57
2003/8/13,59
2003/8/14,59.5
2003/8/15,61
2003/8/18,61.5
2003/8/19,62.5
2003/8/20,63
2003/8/21,64
2003/8/22,64
2003/8/25,64.5
2003/8/26,63
2003/8/27,64
2003/8/28,65.5
2003/8/29,67
2003/9/1,67.5
2003/9/2,67
2003/9/3,66.5
2003/9/4,66
2003/9/5,68
2003/9/8,71
2003/9/9,70.5
2003/9/10,69.5
2003/9/12,68
2003/9/15,67
2003/9/16,68.5
2003/9/17,71.5
2003/9/18,70.5
2003/9/19,69
2003/9/22,67.5
2003/9/23,68
2003/9/24,68
2003/9/25,66.5
2003/9/26,66
2003/9/29,66.5
2003/9/30,66.5
2003/10/1,66.5
2003/10/2,68.5
2003/10/3,70
2003/10/6,71
2003/10/7,70
2003/10/8,69.5
2003/10/9,69
2003/10/13,70
2003/10/14,68.5
2003/10/15,68
2003/10/16,69.5
2003/10/17,68
2003/10/20,68
2003/10/21,67
2003/10/22,66
2003/10/23,64.5
2003/10/24,64.5
2003/10/27,65.5
2003/10/28,68
2003/10/29,69.5
2003/10/30,69.5
2003/10/31,67
2003/11/3,67
2003/11/4,68.5
2003/11/5,69.5
2003/11/6,69
2003/11/7,69
2003/11/10,68
2003/11/11,66
2003/11/12,66.5
2003/11/13,67.5
2003/11/14,67.5
2003/11/17,66.5
2003/11/18,67
2003/11/19,66
2003/11/20,65.5
2003/11/21,65
2003/11/24,64
2003/11/25,65.5
2003/11/26,65
2003/11/27,63
2003/11/28,63.5
2003/12/1,64
2003/12/2,66
2003/12/3,66.5
2003/12/4,67
2003/12/5,65
2003/12/8,63.5
2003/12/9,64.5
2003/12/10,62
2003/12/11,62.5
2003/12/12,62
2003/12/15,63
2003/12/16,61
2003/12/17,59.5
2003/12/18,60
2003/12/19,60
2003/12/22,61.5
2003/12/23,62
2003/12/24,61.5
2003/12/25,62
2003/12/26,62
2003/12/29,62
2003/12/30,63
2003/12/31,63.5
2004/1/2,65.5
2004/1/5,66
2004/1/6,66
2004/1/7,65.5
2004/1/8,65.5
2004/1/9,67.5
2004/1/12,67.5
2004/1/13,67.5
2004/1/14,67
2004/1/15,67
2004/1/16,66.5
2004/1/27,68.5
2004/1/28,67.5
2004/1/29,66.5
2004/1/30,66
2004/2/2,65
2004/2/3,63.5
2004/2/4,62.5
2004/2/5,62.5
2004/2/6,63
2004/2/9,65
2004/2/10,64
2004/2/11,64
2004/2/12,64.5
2004/2/13,64
2004/2/16,62.5
2004/2/17,62.5
2004/2/18,63
2004/2/19,63.5
2004/2/20,63.5
2004/2/23,62.5
2004/2/24,61.5
2004/2/25,61.5
2004/2/26,63.5
2004/2/27,63.5
2004/3/1,64.5
2004/3/2,67
2004/3/3,66
2004/3/4,67
2004/3/5,67
2004/3/8,66
2004/3/9,65.5
2004/3/10,63
2004/3/11,63.5
2004/3/12,62
2004/3/15,61
2004/3/16,60.5
2004/3/17,60.5
2004/3/18,62
2004/3/19,63
2004/3/22,59
2004/3/23,55
2004/3/24,58
2004/3/25,58
2004/3/26,58.5
2004/3/29,61.5
2004/3/30,60
2004/3/31,60
2004/4/1,59.5
2004/4/2,59.5
2004/4/5,62
2004/4/6,62
2004/4/7,61.5
2004/4/8,61
2004/4/9,60
2004/4/12,61
2004/4/13,60.5
2004/4/14,63
2004/4/15,61
2004/4/16,61
2004/4/19,59.5
2004/4/20,61
2004/4/21,61.5
2004/4/22,62
2004/4/23,64
2004/4/26,63.5
2004/4/27,63.5
2004/4/28,62
2004/4/29,60.5
2004/4/30,57.5
2004/5/3,58
2004/5/4,59
2004/5/5,55
2004/5/6,55.5
2004/5/7,57
2004/5/10,55
2004/5/11,57.5
2004/5/12,57.5
2004/5/13,57
2004/5/14,55
2004/5/17,51.5
2004/5/18,52
2004/5/19,55.5
2004/5/20,55
2004/5/21,55
2004/5/24,54
2004/5/25,54.5
2004/5/26,56
2004/5/27,57
2004/5/28,58
2004/5/31,56
2004/6/1,56.5
2004/6/2,55.5
2004/6/3,53
2004/6/4,53
2004/6/7,55
2004/6/8,56.5
2004/6/9,55
2004/6/10,53
2004/6/11,50.5
2004/6/14,43.3
2004/6/15,43
2004/6/16,43.5
2004/6/17,44.3
2004/6/18,42.8
2004/6/21,43.5
2004/6/23,45.7
2004/6/24,45.8
2004/6/25,46.2
2004/6/28,45.9
2004/6/29,46.1
2004/6/30,48.4
2004/7/1,48.4
2004/7/2,46.2
2004/7/5,44.8
2004/7/6,46
2004/7/7,44.7
2004/7/8,45
2004/7/9,46
2004/7/12,44.8
2004/7/13,44.2
2004/7/14,44.2
2004/7/15,43
2004/7/16,42.5
2004/7/19,42.2
2004/7/20,41.5
2004/7/21,43.4
2004/7/22,43.3
2004/7/23,42.8
2004/7/26,40.9
2004/7/27,41.7
2004/7/28,41.7
2004/7/29,41
2004/7/30,42.9
2004/8/2,42.8
2004/8/3,44
2004/8/4,43.8
2004/8/5,45
2004/8/6,44
2004/8/9,43.3
2004/8/10,43.3
2004/8/11,43.8
2004/8/12,43.8
2004/8/13,43.8
2004/8/16,43.4
2004/8/17,43.8
2004/8/18,44.8
2004/8/19,46.8
2004/8/20,46.4
2004/8/23,47
2004/8/26,48.6
2004/8/27,48
2004/8/30,48.1
2004/8/31,47
2004/9/1,47.1
2004/9/2,45.9
2004/9/3,44.4
2004/9/6,44
2004/9/7,44.4
2004/9/8,43.9
2004/9/9,43.7
2004/9/10,44.6
2004/9/13,45.9
2004/9/14,45.5
2004/9/15,45.4
2004/9/16,45.4
2004/9/17,44.8
2004/9/20,45.2
2004/9/21,46
2004/9/22,45.8
2004/9/23,44.9
2004/9/24,43.7
2004/9/27,43
2004/9/29,42.7
2004/9/30,43.3
2004/10/1,44.5
2004/10/4,45.5
2004/10/5,45.3
2004/10/6,45
2004/10/7,45
2004/10/8,43.3
2004/10/11,42.8
2004/10/12,42.6
2004/10/13,42.6
2004/10/14,42.7
2004/10/15,42.5
2004/10/18,42.2
2004/10/19,43
2004/10/20,42.8
2004/10/21,43.2
2004/10/22,43.2
2004/10/26,42.2
2004/10/27,41.9
2004/10/28,43
2004/10/29,43.8
2004/11/1,43.9
2004/11/2,45
2004/11/3,46.9
2004/11/4,47.5
2004/11/5,47.7
2004/11/8,47.9
2004/11/9,47.8
2004/11/10,48
2004/11/11,46.3
2004/11/12,47
2004/11/15,47.5
2004/11/16,48.4
2004/11/17,49.7
2004/11/18,50.5
2004/11/19,50.5
2004/11/22,48.2
2004/11/23,48.4
2004/11/24,48.9
2004/11/25,48.3
2004/11/26,47.2
2004/11/29,46.9
2004/11/30,47.3
2004/12/1,46.4
2004/12/2,48
2004/12/3,48.9
2004/12/6,48.9
2004/12/7,49.2
2004/12/8,48.8
2004/12/9,48.2
2004/12/10,48.2
2004/12/13,47.6
2004/12/14,48.1
2004/12/15,49.8
2004/12/16,50
2004/12/17,49.8
2004/12/20,50
2004/12/21,49.3
2004/12/22,49.8
2004/12/23,50
2004/12/24,50
2004/12/27,49.9
2004/12/28,50
2004/12/29,50.5
2004/12/30,50.5
2004/12/31,50.5
2005/1/3,51
2005/1/4,49.6
2005/1/5,48.5
2005/1/6,48
2005/1/7,47.8
2005/1/10,48.5
2005/1/11,48.2
2005/1/12,47
2005/1/13,46.8
2005/1/14,47
2005/1/17,48.9
2005/1/18,49.1
2005/1/19,47.7
2005/1/20,48
2005/1/21,47.5
2005/1/24,47
2005/1/25,47.6
2005/1/26,49.2
2005/1/27,49.4
2005/1/28,50
2005/1/31,52
2005/2/1,52.5
2005/2/2,53.5
2005/2/3,53.5
2005/2/14,54.5
2005/2/15,55
2005/2/16,54.5
2005/2/17,53.5
2005/2/18,54
2005/2/21,54.5
2005/2/22,54
2005/2/23,53.5
2005/2/24,53
2005/2/25,55
2005/3/1,54.3
2005/3/2,54.1
2005/3/3,53.5
2005/3/4,52.5
2005/3/7,52.8
2005/3/8,53.7
2005/3/9,53
2005/3/10,52
2005/3/11,52.5
2005/3/14,51.5
2005/3/15,51.1
2005/3/16,52
2005/3/17,50.9
2005/3/18,50.9
2005/3/21,50.6
2005/3/22,50.5
2005/3/23,50.3
2005/3/24,50.6
2005/3/25,51.5
2005/3/28,51.5
2005/3/29,51.1
2005/3/30,50.6
2005/3/31,51.5
2005/4/1,52.6
2005/4/4,52.2
2005/4/6,51.5
2005/4/7,51.4
2005/4/8,52.3
2005/4/11,51.9
2005/4/12,52.3
2005/4/13,52.5
2005/4/14,51.3
2005/4/15,51.3
2005/4/18,50.3
2005/4/19,50.1
2005/4/20,50.1
2005/4/21,49.6
2005/4/22,49.6
2005/4/25,49.8
2005/4/26,51.6
2005/4/27,52.2
2005/4/28,53
2005/4/29,51.9
2005/5/3,52.3
2005/5/4,52.5
2005/5/5,53.9
2005/5/6,54.6
2005/5/9,54.7
2005/5/10,54.7
2005/5/11,53.6
2005/5/12,54.5
2005/5/13,54.8
2005/5/16,54.8
2005/5/17,54.3
2005/5/18,54.9
2005/5/19,56.4
2005/5/20,56.5
2005/5/23,55.2
2005/5/24,56.4
2005/5/25,55.8
2005/5/26,56
2005/5/27,56.8
2005/5/30,56.7
2005/5/31,56.9
2005/6/1,55.9
2005/6/2,56.9
2005/6/3,57.7
2005/6/6,58.1
2005/6/7,57.5
2005/6/8,58.2
2005/6/9,58
2005/6/10,58.1
2005/6/13,54.5
2005/6/14,54.5
2005/6/15,55
2005/6/16,55.9
2005/6/17,56.8
2005/6/20,56.9
2005/6/21,55.8
2005/6/22,56.9
2005/6/23,57.2
2005/6/24,56.6
2005/6/27,56.5
2005/6/28,56.4
2005/6/29,54.9
2005/6/30,55.1
2005/7/1,55.7
2005/7/4,55.1
2005/7/5,54.4
2005/7/6,54.6
2005/7/7,54.6
2005/7/8,53.8
2005/7/11,56.8
2005/7/12,57.1
2005/7/13,56.8
2005/7/14,57
2005/7/15,56.6
2005/7/19,56.2
2005/7/20,56.4
2005/7/21,56.4
2005/7/22,56.9
2005/7/25,56.1
2005/7/26,55.6
2005/7/27,53.1
2005/7/28,53.9
2005/7/29,53.2
2005/8/1,53.3
2005/8/2,54.9
2005/8/3,55.9
2005/8/4,54.7
2005/8/8,53.4
2005/8/9,53
2005/8/10,52.8
2005/8/11,53.6
2005/8/12,53.6
2005/8/15,53
2005/8/16,53
2005/8/17,52.7
2005/8/18,52
2005/8/19,51.6
2005/8/22,52
2005/8/23,52
2005/8/24,51.5
2005/8/25,51.8
2005/8/26,52.8
2005/8/29,51.3
2005/8/30,51.1
2005/8/31,54
2005/9/2,52.6
2005/9/5,52.1
2005/9/6,52.2
2005/9/7,52
2005/9/8,51.9
2005/9/9,51.6
2005/9/12,52.7
2005/9/13,53.5
2005/9/14,53.9
2005/9/15,53.9
2005/9/16,52.6
2005/9/19,53.2
2005/9/20,53.6
2005/9/21,53.6
2005/9/22,52.1
2005/9/23,51.4
2005/9/26,51
2005/9/27,51.5
2005/9/28,51.2
2005/9/29,52.1
2005/9/30,53.3
2005/10/3,52.8
2005/10/4,54
2005/10/5,54.2
2005/10/6,53.7
2005/10/7,53.9
2005/10/11,52.9
2005/10/12,51.8
2005/10/13,51.4
2005/10/14,51.1
2005/10/17,50.1
2005/10/18,50.5
2005/10/19,49.55
2005/10/20,50.3
2005/10/21,49.2
2005/10/24,50.3
2005/10/25,50.8
2005/10/26,50.8
2005/10/27,49.6
2005/10/28,50.4
2005/10/31,52
2005/11/1,51.8
2005/11/2,52.7
2005/11/3,53.5
2005/11/4,54.2
2005/11/7,54.4
2005/11/8,54.5
2005/11/9,55.3
2005/11/10,55.9
2005/11/11,57
2005/11/14,57
2005/11/15,57
2005/11/16,56.8
2005/11/17,56.1
2005/11/18,57.1
2005/11/21,57.9
2005/11/22,58
2005/11/23,59.7
2005/11/24,59.7
2005/11/25,59.1
2005/11/28,59.5
2005/11/29,57.8
2005/11/30,59.5
2005/12/1,59.3
2005/12/2,60.6
2005/12/5,62
2005/12/6,62.5
2005/12/7,62.5
2005/12/8,61.7
2005/12/9,60.8
2005/12/12,61.2
2005/12/13,62
2005/12/14,61.1
2005/12/15,60.9
2005/12/16,62
2005/12/19,62.5
2005/12/20,62.3
2005/12/21,63
2005/12/22,62.3
2005/12/23,63.9
2005/12/26,63.8
2005/12/27,63.8
2005/12/28,63.5
2005/12/29,63
2005/12/30,62.5
2006/1/2,61
2006/1/3,62.9
2006/1/4,63.4
2006/1/5,64
2006/1/6,65.5
2006/1/9,68.1
2006/1/10,66.7
2006/1/11,65.8
2006/1/12,65.5
2006/1/13,64.5
2006/1/16,63.9
2006/1/17,64.6
2006/1/18,61.6
2006/1/19,62
2006/1/20,62.5
2006/1/23,61.8
2006/1/24,61.9
2006/1/25,63.5
2006/2/3,63.4
2006/2/6,66.5
2006/2/7,65
2006/2/8,63.1
2006/2/9,63
2006/2/10,62.6
2006/2/13,62.4
2006/2/14,62.3
2006/2/15,61.3
2006/2/16,62.4
2006/2/17,61.7
2006/2/20,62.7
2006/2/21,62.1
2006/2/22,61.9
2006/2/23,60.8
2006/2/24,61
2006/2/27,60.9
2006/3/1,60.4
2006/3/2,62.7
2006/3/3,61.8
2006/3/6,60.9
2006/3/7,60.1
2006/3/8,59
2006/3/9,59.8
2006/3/10,61.4
2006/3/13,61.4
2006/3/14,60
2006/3/15,61.1
2006/3/16,60.5
2006/3/17,60.7
2006/3/20,60.2
2006/3/21,60.5
2006/3/22,59.6
2006/3/23,59.6
2006/3/24,59.8
2006/3/27,60.3
2006/3/28,61.4
2006/3/29,61.9
2006/3/30,62.9
2006/3/31,64.2
2006/4/3,64.8
2006/4/4,64.5
2006/4/6,65.9
2006/4/7,67.4
2006/4/10,67
2006/4/11,66.1
2006/4/12,66.8
2006/4/13,67.2
2006/4/14,68
2006/4/17,67.8
2006/4/18,67.9
2006/4/19,69.4
2006/4/20,69.9
2006/4/21,69.3
2006/4/24,68.2
2006/4/25,67
2006/4/26,69
2006/4/27,67.2
2006/4/28,68.1
2006/5/2,67.2
2006/5/3,67
2006/5/4,67.5
2006/5/5,68.5
2006/5/8,69.4
2006/5/9,68
2006/5/10,66.5
2006/5/11,66.6
2006/5/12,64.9
2006/5/15,63.2
2006/5/16,62.4
2006/5/17,63.7
2006/5/18,62.5
2006/5/19,62.5
2006/5/22,60.8
2006/5/23,61.1
2006/5/24,61
2006/5/25,59.8
2006/5/26,59.5
2006/5/29,60.2
2006/5/30,60.3
2006/6/1,61.4
2006/6/2,62.5
2006/6/5,60.4
2006/6/6,60.8
2006/6/7,60.1
2006/6/8,55.9
2006/6/9,58.5
2006/6/12,57.5
2006/6/13,56.2
2006/6/14,58.1
2006/6/15,56.8
2006/6/16,59.4
2006/6/19,59.4
2006/6/20,54.7
2006/6/21,55.3
2006/6/22,57.7
2006/6/23,56.6
2006/6/26,57
2006/6/27,57.4
2006/6/28,56.1
2006/6/29,56.7
2006/6/30,58.4
2006/7/3,58.5
2006/7/4,58.8
2006/7/5,57.7
2006/7/6,57.1
2006/7/7,56.9
2006/7/10,56.9
2006/7/11,56.4
2006/7/12,57.1
2006/7/13,56.3
2006/7/14,55.1
2006/7/17,53.8
2006/7/18,54.1
2006/7/19,53.8
2006/7/20,56.2
2006/7/21,54.9
2006/7/24,52.9
2006/7/25,53.8
2006/7/26,53.9
2006/7/27,54.2
2006/7/28,54.4
2006/7/31,54.8
2006/8/1,55.1
2006/8/2,54.9
2006/8/3,54.9
2006/8/4,54.9
2006/8/7,54.6
2006/8/8,55.5
2006/8/9,55.8
2006/8/10,56.8
2006/8/11,57.4
2006/8/14,57.6
2006/8/15,57.6
2006/8/16,59
2006/8/17,59.7
2006/8/18,59.6
2006/8/21,57.9
2006/8/22,58.8
2006/8/23,58.1
2006/8/24,56.9
2006/8/25,57
2006/8/28,56.2
2006/8/29,56.5
2006/8/30,57.3
2006/8/31,58.1
2006/9/1,58.8
2006/9/4,59.3
2006/9/5,58.6
2006/9/6,57.8
2006/9/7,57.1
2006/9/8,56.7
2006/9/11,56.3
2006/9/12,56.7
2006/9/13,58.4
2006/9/14,58.4
2006/9/15,59
2006/9/18,59.9
2006/9/19,60.5
2006/9/20,59.9
2006/9/21,60.5
2006/9/22,59.7
2006/9/25,59.7
2006/9/26,60.5
2006/9/27,60.9
2006/9/28,60.9
2006/9/29,59.7
2006/10/2,60.2
2006/10/3,60
2006/10/4,58.5
2006/10/5,60.7
2006/10/11,60.6
2006/10/12,61
2006/10/13,63.2
2006/10/14,63
2006/10/16,65
2006/10/17,62.9
2006/10/18,62
2006/10/19,61
2006/10/20,61.8
2006/10/23,61.2
2006/10/24,63
2006/10/25,62.3
2006/10/26,61.5
2006/10/27,62.5
2006/10/30,60.7
2006/10/31,61
2006/11/1,60.2
2006/11/2,60.8
2006/11/3,61.1
2006/11/6,60.5
2006/11/7,60.6
2006/11/8,60.4
2006/11/9,60.5
2006/11/10,60.8
2006/11/13,60
2006/11/14,60.8
2006/11/15,61.8
2006/11/16,62.2
2006/11/17,62.4
2006/11/20,62.2
2006/11/21,63
2006/11/22,63
2006/11/23,63.5
2006/11/24,63.4
2006/11/27,64.6
2006/11/28,64
2006/11/29,64.5
2006/11/30,65.5
2006/12/1,66.5
2006/12/4,66.3
2006/12/5,66.9
2006/12/6,67.9
2006/12/7,67
2006/12/8,66.1
2006/12/11,66.5
2006/12/12,64.2
2006/12/13,64.9
2006/12/14,64.1
2006/12/15,64.9
2006/12/18,66.6
2006/12/19,65.1
2006/12/20,64.8
2006/12/21,64.9
2006/12/22,65.6
2006/12/25,65.1
2006/12/26,66
2006/12/27,66.4
2006/12/28,66.1
2006/12/29,67.5
2007/1/2,67.7
2007/1/3,68
2007/1/4,67.7
2007/1/5,66.9
2007/1/8,65.8
2007/1/9,66
2007/1/10,64.2
2007/1/11,65.8
2007/1/12,69.1
2007/1/15,69.2
2007/1/16,70.3
2007/1/17,70.9
2007/1/18,71.2
2007/1/19,69.8
2007/1/22,69
2007/1/23,68.8
2007/1/24,70.5
2007/1/25,71
2007/1/26,68
2007/1/29,68.6
2007/1/30,68
2007/1/31,67.4
2007/2/1,67
2007/2/2,67.8
2007/2/5,67.8
2007/2/6,68.9
2007/2/7,68.8
2007/2/8,68.4
2007/2/9,68
2007/2/12,67
2007/2/13,65.8
2007/2/14,67.3
2007/2/26,68.9
2007/2/27,69.3
2007/3/1,66.7
2007/3/2,66.8
2007/3/3,66.1
2007/3/5,63.3
2007/3/6,65.1
2007/3/7,65.5
2007/3/8,65.9
2007/3/9,66.5
2007/3/12,67.2
2007/3/13,69.1
2007/3/14,67.9
2007/3/15,69
2007/3/16,69
2007/3/19,69
2007/3/20,69.2
2007/3/21,69.7
2007/3/22,70.2
2007/3/23,70
2007/3/26,70
2007/3/27,69.2
2007/3/28,68.3
2007/3/29,68.7
2007/3/30,67.9
2007/4/2,68.2
2007/4/3,68
2007/4/4,69.3
2007/4/9,69
2007/4/10,68.5
2007/4/11,69.3
2007/4/12,68.5
2007/4/13,68.3
2007/4/14,68.7
2007/4/16,67.5
2007/4/17,68
2007/4/18,68.6
2007/4/19,67.4
2007/4/20,67.5
2007/4/23,68.6
2007/4/24,69.8
2007/4/25,69.3
2007/4/26,69.9
2007/4/27,69
2007/4/30,68.7
2007/5/2,68
2007/5/3,68.4
2007/5/4,69.1
2007/5/7,68.5
2007/5/8,68
2007/5/9,68
2007/5/10,68.5
2007/5/11,67.5
2007/5/14,67.2
2007/5/15,66.5
2007/5/16,66.6
2007/5/17,67.7
2007/5/18,68.5
2007/5/21,69.2
2007/5/22,68.4
2007/5/23,68.9
2007/5/24,68.5
2007/5/25,67.4
2007/5/28,67.6
2007/5/29,68.6
2007/5/30,68
2007/5/31,68.2
2007/6/1,68.8
2007/6/4,69.1
2007/6/5,69
2007/6/6,68.9
2007/6/7,69
2007/6/8,65.4
2007/6/11,65.6
2007/6/12,64.8
2007/6/13,64.1
2007/6/14,65
2007/6/15,65.7
2007/6/20,68.3
2007/6/21,69.2
2007/6/22,69
2007/6/23,68.3
2007/6/25,70.4
2007/6/26,69.1
2007/6/27,69.5
2007/6/28,70.4
2007/6/29,70.9
2007/7/2,71
2007/7/3,71.2
2007/7/4,71.9
2007/7/5,71.4
2007/7/6,70.5
2007/7/9,72
2007/7/10,72
2007/7/11,72.4
2007/7/12,71.7
2007/7/13,73
2007/7/16,72.5
2007/7/17,72.7
2007/7/18,71
2007/7/19,70
2007/7/20,69.4
2007/7/23,68.7
2007/7/24,71.3
2007/7/25,69.6
2007/7/26,68.2
2007/7/27,64
2007/7/30,65
2007/7/31,65
2007/8/1,61.3
2007/8/2,63.8
2007/8/3,63.9
2007/8/6,62.6
2007/8/7,61.3
2007/8/8,62.8
2007/8/9,63.8
2007/8/10,61.5
2007/8/13,62
2007/8/14,61.9
2007/8/15,61
2007/8/16,59.1
2007/8/17,59
2007/8/20,62.2
2007/8/21,61.9
2007/8/22,60.9
2007/8/23,62.8
2007/8/24,61.6
2007/8/27,61.6
2007/8/28,61.4
2007/8/29,60.2
2007/8/30,60.5
2007/8/31,62.7
2007/9/3,62.6
2007/9/4,61.6
2007/9/5,61.8
2007/9/6,62.2
2007/9/7,62
2007/9/10,61.2
2007/9/11,61.3
2007/9/12,61.5
2007/9/13,60.6
2007/9/14,61.8
2007/9/17,60.8
2007/9/19,61.4
2007/9/20,61
2007/9/21,61.5
2007/9/26,61.5
2007/9/27,63.6
2007/9/28,63.6
2007/9/29,63.3
2007/10/1,63.9
2007/10/2,64.9
2007/10/3,65
2007/10/4,64.2
2007/10/5,64.6
2007/10/8,65
2007/10/9,64.8
2007/10/11,63.3
2007/10/12,61.3
2007/10/15,62.9
2007/10/16,62.4
2007/10/17,62
2007/10/18,62.9
2007/10/19,62
2007/10/22,60.6
2007/10/23,61.5
2007/10/24,60.8
2007/10/25,61.1
2007/10/26,61.6
2007/10/29,63.9
2007/10/30,63
2007/10/31,63.8
2007/11/1,64.2
2007/11/2,61.6
2007/11/5,62.5
2007/11/6,62.6
2007/11/7,63
2007/11/8,61.9
2007/11/9,62.3
2007/11/12,61.6
2007/11/13,61.7
2007/11/14,61.5
2007/11/15,60.9
2007/11/16,60.5
2007/11/19,60.5
2007/11/20,60.5
2007/11/21,58.6
2007/11/22,59.9
2007/11/23,59.6
2007/11/26,61.1
2007/11/27,59.1
2007/11/28,58.5
2007/11/29,60
2007/11/30,60.6
2007/12/3,59.8
2007/12/4,60.3
2007/12/5,60.9
2007/12/6,61.9
2007/12/7,62.6
2007/12/10,61.1
2007/12/11,62.7
2007/12/12,61.3
2007/12/13,60.7
2007/12/14,59.8
2007/12/17,59.5
2007/12/18,58.8
2007/12/19,59.2
2007/12/20,59
2007/12/21,59
2007/12/24,59.2
2007/12/25,59.6
2007/12/26,59.5
2007/12/27,61.7
2007/12/28,60.5
2007/12/31,62
2008/1/2,60.5
2008/1/3,59.4
2008/1/4,60
2008/1/7,55.8
2008/1/8,56
2008/1/9,57
2008/1/10,55.7
2008/1/11,55
2008/1/14,54.9
2008/1/15,57.5
2008/1/16,55.4
2008/1/17,54.7
2008/1/18,54.6
2008/1/21,53.3
2008/1/22,49.6
2008/1/23,51
2008/1/24,53.7
2008/1/25,55.5
2008/1/28,54.2
2008/1/29,57
2008/1/30,57.8
2008/1/31,59.9
2008/2/1,61.4
2008/2/12,60
2008/2/13,59.9
2008/2/14,62
2008/2/15,61.5
2008/2/18,60
2008/2/19,61.5
2008/2/20,61.1
2008/2/21,61.9
2008/2/22,60.9
2008/2/25,61.2
2008/2/26,62.4
2008/2/27,63.6
2008/2/29,61.6
2008/3/3,60.7
2008/3/4,62.9
2008/3/5,63.3
2008/3/6,64.9
2008/3/7,64
2008/3/10,61.2
2008/3/11,62.4
2008/3/12,63.8
2008/3/13,62
2008/3/14,61.1
2008/3/17,59.9
2008/3/18,59.9
2008/3/19,62.1
2008/3/20,62.6
2008/3/21,64.8
2008/3/24,67.4
2008/3/25,67.2
2008/3/26,67
2008/3/27,63.8
2008/3/28,62.3
2008/3/31,63.1
2008/4/1,61.8
2008/4/2,64
2008/4/3,64.4
2008/4/7,65
2008/4/8,64.4
2008/4/9,63.1
2008/4/10,64.5
2008/4/11,64.1
2008/4/14,63
2008/4/15,63
2008/4/16,65.2
2008/4/17,67.1
2008/4/18,66.8
2008/4/21,67.4
2008/4/22,67.3
2008/4/23,64.6
2008/4/24,63.9
2008/4/25,64.7
2008/4/28,66.5
2008/4/29,64.7
2008/4/30,66.7
2008/5/2,68
2008/5/5,67.2
2008/5/6,68
2008/5/7,68.2
2008/5/8,67.5
2008/5/9,66.3
2008/5/12,67.6
2008/5/13,68.9
2008/5/14,68.6
2008/5/15,68.6
2008/5/16,69.2
2008/5/19,69.4
2008/5/20,68.2
2008/5/21,67.3
2008/5/22,66.9
2008/5/23,65.5
2008/5/26,65.5
2008/5/27,65.8
2008/5/28,67
2008/5/29,67.1
2008/5/30,65.6
2008/6/2,67.6
2008/6/3,66.1
2008/6/4,67.1
2008/6/5,67.8
2008/6/6,68.4
2008/6/9,65.3
2008/6/10,63.9
2008/6/11,65.9
2008/6/12,64.8
2008/6/13,64.8
2008/6/16,65.9
2008/6/17,65.2
2008/6/18,65.5
2008/6/19,64.3
2008/6/20,63.7
2008/6/23,64.1
2008/6/24,64.2
2008/6/25,66.2
2008/6/26,65
2008/6/27,64
2008/6/30,65
2008/7/1,64.2
2008/7/2,61.8
2008/7/3,58.8
2008/7/4,59
2008/7/7,60.1
2008/7/8,58.9
2008/7/9,59.5
2008/7/10,59.5
2008/7/11,62.4
2008/7/14,60.6
2008/7/15,57.6
2008/7/16,53.8
2008/7/17,57.5
2008/7/18,58
2008/7/21,59.8
2008/7/22,57.9
2008/7/23,57.6
2008/7/24,58.9
2008/7/25,57.8
2008/7/29,55
2008/7/30,57
2008/7/31,56.2
2008/8/1,56
2008/8/4,55.7
2008/8/5,55.4
2008/8/6,58.8
2008/8/7,59.5
2008/8/8,60.5
2008/8/11,60.6
2008/8/12,61.2
2008/8/13,61.2
2008/8/14,60.5
2008/8/15,60.6
2008/8/18,60.1
2008/8/19,60
2008/8/20,60
2008/8/21,59.4
2008/8/22,60.2
2008/8/25,60.5
2008/8/26,60
2008/8/27,60.4
2008/8/28,60.1
2008/8/29,58.9
2008/9/1,56.6
2008/9/2,54.3
2008/9/3,55
2008/9/4,53.4
2008/9/5,53
2008/9/8,56.7
2008/9/9,54.3
2008/9/10,53.7
2008/9/11,52.3
2008/9/12,52.7
2008/9/15,51.7
2008/9/16,51
2008/9/17,52.9
2008/9/18,52
2008/9/19,55.6
2008/9/22,55.8
2008/9/23,55
2008/9/24,53.3
2008/9/25,53
2008/9/26,53.4
2008/9/30,52.5
2008/10/1,52.5
2008/10/2,51.4
2008/10/3,51.4
2008/10/6,49
2008/10/7,49.7
2008/10/8,46.25
2008/10/9,46.1
2008/10/13,46.65
2008/10/14,49.9
2008/10/15,48.2
2008/10/16,46.55
2008/10/17,44.95
2008/10/20,44.2
2008/10/21,44.1
2008/10/22,42.6
2008/10/23,41.15
2008/10/24,39.75
2008/10/27,38.3
2008/10/28,39.7
2008/10/29,42
2008/10/30,44.9
2008/10/31,48
2008/11/3,47
2008/11/4,48
2008/11/5,48
2008/11/6,44.65
2008/11/7,43.5
2008/11/10,43.2
2008/11/11,43.1
2008/11/12,43.4
2008/11/13,40.5
2008/11/14,41.7
2008/11/17,40.8
2008/11/18,38.5
2008/11/19,38
2008/11/20,36.8
2008/11/21,38.5
2008/11/24,37.3
2008/11/25,39.9
2008/11/26,39
2008/11/27,40.9
2008/11/28,40.8
2008/12/1,40.8
2008/12/2,37.95
2008/12/3,37.15
2008/12/4,37.05
2008/12/5,37.2
2008/12/8,39.8
2008/12/9,40.8
2008/12/10,43.65
2008/12/11,44.9
2008/12/12,41.8
2008/12/15,43.45
2008/12/16,44.5
2008/12/17,46
2008/12/18,45
2008/12/19,44.95
2008/12/22,44.6
2008/12/23,43.85
2008/12/24,43.4
2008/12/25,43.1
2008/12/26,43.4
2008/12/29,43.35
2008/12/30,45.2
2008/12/31,44.4
2009/1/5,46.25
2009/1/6,45.6
2009/1/7,44.55
2009/1/8,41.55
2009/1/9,41
2009/1/10,41
2009/1/12,41.65
2009/1/13,43.8
2009/1/14,43
2009/1/15,41
2009/1/16,41.7
2009/1/17,41.45
2009/1/19,41
2009/1/20,39.6
2009/1/21,40.2
2009/2/2,41.8
2009/2/3,42.85
2009/2/4,42.9
2009/2/5,42.4
2009/2/6,44.7
2009/2/9,45.5
2009/2/10,44.85
2009/2/11,46.05
2009/2/12,45.35
2009/2/13,45.95
2009/2/16,45.85
2009/2/17,43.8
2009/2/18,44.6
2009/2/19,45.4
2009/2/20,43.9
2009/2/23,45
2009/2/24,44
2009/2/25,44.7
2009/2/26,45
2009/2/27,44.95
2009/3/2,44.75
2009/3/3,44.6
2009/3/4,46
2009/3/5,46.6
2009/3/6,48.5
2009/3/9,48.25
2009/3/10,47.15
2009/3/11,48.7
2009/3/12,48.25
2009/3/13,49.5
2009/3/16,50
2009/3/17,50
2009/3/18,50.4
2009/3/19,49.2
2009/3/20,47.7
2009/3/23,50.3
2009/3/24,52.4
2009/3/25,52.2
2009/3/26,51.7
2009/3/27,51.9
2009/3/30,52
2009/3/31,51.4
2009/4/1,50.7
2009/4/2,52.4
2009/4/3,52.6
2009/4/6,52.4
2009/4/7,52.1
2009/4/8,50.2
2009/4/9,52.4
2009/4/10,53
2009/4/13,52.7
2009/4/14,52.5
2009/4/15,52
2009/4/16,51.3
2009/4/17,50.4
2009/4/20,51.9
2009/4/21,51.6
2009/4/22,50.7
2009/4/23,51.3
2009/4/24,50.5
2009/4/27,50.5
2009/4/28,51
2009/4/29,51.6
2009/4/30,55.2
2009/5/4,59
2009/5/5,58
2009/5/6,57.5
2009/5/7,56.5
2009/5/8,56.3
2009/5/11,56.2
2009/5/12,55.4
2009/5/13,56.4
2009/5/14,54.5
2009/5/15,54.8
2009/5/18,56
2009/5/19,57
2009/5/20,56.2
2009/5/21,56.6
2009/5/22,56.2
2009/5/25,55.7
2009/5/26,56.6
2009/5/27,60.4
2009/6/1,59
2009/6/2,59.9
2009/6/3,59.8
2009/6/4,57.9
2009/6/5,57.4
2009/6/6,57.7
2009/6/8,56.6
2009/6/9,56.1
2009/6/10,58.2
2009/6/11,58.3
2009/6/12,56
2009/6/15,53.3
2009/6/16,53.6
2009/6/17,52
2009/6/18,52.7
2009/6/19,52.3
2009/6/22,53
2009/6/23,51.3
2009/6/24,52.9
2009/6/25,53.7
2009/6/26,54.4
2009/6/29,53.4
2009/6/30,54.7
2009/7/1,55
2009/7/2,55.1
2009/7/3,55
2009/7/6,54.4
2009/7/7,55.4
2009/7/8,54.4
2009/7/9,55.3
2009/7/10,56.1
2009/7/13,55
2009/7/14,55.8
2009/7/15,53.6
2009/7/16,54.1
2009/7/17,54
2009/7/20,54.8
2009/7/21,55.5
2009/7/22,55.3
2009/7/23,56.5
2009/7/24,57.2
2009/7/27,57.6
2009/7/28,57.9
2009/7/29,56.5
2009/7/30,56
2009/7/31,58.9
2009/8/3,58.3
2009/8/4,57.6
2009/8/5,56.9
2009/8/6,56.8
2009/8/10,57.8
2009/8/11,57.1
2009/8/12,57.5
2009/8/13,58.6
2009/8/14,58.9
2009/8/17,57.8
2009/8/18,57.6
2009/8/19,57.4
2009/8/20,57.7
2009/8/21,56.8
2009/8/24,58.4
2009/8/25,58.7
2009/8/26,59
2009/8/27,58.8
2009/8/28,59.5
2009/8/31,59.2
2009/9/1,61
2009/9/2,59.6
2009/9/3,59.8
2009/9/4,60
2009/9/7,62
2009/9/8,62.7
2009/9/9,62
2009/9/10,63.5
2009/9/11,62.4
2009/9/14,61.5
2009/9/15,62.5
2009/9/16,62.7
2009/9/17,62.5
2009/9/18,62.7
2009/9/21,62.3
2009/9/22,62.5
2009/9/23,62.3
2009/9/24,60.8
2009/9/25,61.1
2009/9/28,60.7
2009/9/29,63.7
2009/9/30,64.5
2009/10/1,65
2009/10/2,62.7
2009/10/5,62
2009/10/6,62.4
2009/10/7,62.1
2009/10/8,60.9
2009/10/9,61.1
2009/10/12,61.2
2009/10/13,61.8
2009/10/14,63.5
2009/10/15,63.8
2009/10/16,61.9
2009/10/19,61.4
2009/10/20,62
2009/10/21,61.6
2009/10/22,61.8
2009/10/23,61.5
2009/10/26,61.5
2009/10/27,61.3
2009/10/28,60.5
2009/10/29,60.3
2009/10/30,60
2009/11/2,59.8
2009/11/3,59.2
2009/11/4,59.6
2009/11/5,59.7
2009/11/6,60
2009/11/9,60
2009/11/10,60.5
2009/11/11,62.2
2009/11/12,62.2
2009/11/13,61.8
2009/11/16,62.4
2009/11/17,62.6
2009/11/18,62.9
2009/11/19,62.9
2009/11/20,61.7
2009/11/23,62
2009/11/24,62.4
2009/11/25,62.7
2009/11/26,62
2009/11/27,60
2009/11/30,61.1
2009/12/1,60.7
2009/12/2,60.8
2009/12/3,61.5
2009/12/4,61.5
2009/12/7,62.5
2009/12/8,62.4
2009/12/9,62.4
2009/12/10,61.3
2009/12/11,62.6
2009/12/14,62.7
2009/12/15,62.7
2009/12/16,61.8
2009/12/17,62.2
2009/12/18,61.9
2009/12/21,62.2
2009/12/22,62.9
2009/12/23,63.4
2009/12/24,63.6
2009/12/25,63.4
2009/12/28,63.7
2009/12/29,63.3
2009/12/30,63.9
2009/12/31,64.5
2010/1/4,64.9
2010/1/5,64.5
2010/1/6,64.9
2010/1/7,64.2
2010/1/8,64
2010/1/11,64.5
2010/1/12,63.6
2010/1/13,62.8
2010/1/14,63.2
2010/1/15,63.5
2010/1/18,62.9
2010/1/19,62.5
2010/1/20,63
2010/1/21,62.6
2010/1/22,61.1
2010/1/25,60.4
2010/1/26,60.1
2010/1/27,59.6
2010/1/28,60
2010/1/29,61.5
2010/2/1,59.8
2010/2/2,59
2010/2/3,59.8
2010/2/4,59.1
2010/2/5,57.2
2010/2/6,58
2010/2/8,57.4
2010/2/9,58.6
2010/2/10,58.4
2010/2/22,59
2010/2/23,59.8
2010/2/24,58.5
2010/2/25,58.2
2010/2/26,58.8
2010/3/1,59.6
2010/3/2,59.9
2010/3/3,60
2010/3/4,59.2
2010/3/5,60.4
2010/3/8,61.2
2010/3/9,61.3
2010/3/10,61.4
2010/3/11,61.4
2010/3/12,60.8
2010/3/15,59.8
2010/3/16,59.7
2010/3/17,60.5
2010/3/18,60.4
2010/3/19,60
2010/3/22,59
2010/3/23,59.6
2010/3/24,60.6
2010/3/25,61.5
2010/3/26,62
2010/3/29,62.2
2010/3/30,62.2
2010/3/31,61.5
2010/4/1,62.1
2010/4/2,62.4
2010/4/6,63.4
2010/4/7,63.5
2010/4/8,62.3
2010/4/9,62.7
2010/4/12,63.1
2010/4/13,62.9
2010/4/14,63.8
2010/4/15,64.4
2010/4/16,63
2010/4/19,62.6
2010/4/20,62.8
2010/4/21,62.4
2010/4/22,61.6
2010/4/23,61.7
2010/4/26,63.5
2010/4/27,63.7
2010/4/28,62.1
2010/4/29,61.6
2010/4/30,61.8
2010/5/3,61.6
2010/5/4,61
2010/5/5,59.8
2010/5/6,59.5
2010/5/7,59.4
2010/5/10,59.8
2010/5/11,60.1
2010/5/12,60.1
2010/5/13,61.2
2010/5/14,61.2
2010/5/17,59.2
2010/5/18,59.5
2010/5/19,59.3
2010/5/20,58.9
2010/5/21,58.8
2010/5/24,59
2010/5/25,58.4
2010/5/26,58.9
2010/5/27,58.7
2010/5/28,58.7
2010/5/31,60.2
2010/6/1,59.8
2010/6/2,59.8
2010/6/3,60.8
2010/6/4,61
2010/6/7,59.2
2010/6/8,58.5
2010/6/9,58.6
2010/6/10,59.4
2010/6/11,60.5
2010/6/14,61.1
2010/6/15,61.4
2010/6/17,62.1
2010/6/18,62.7
2010/6/21,63.3
2010/6/22,62.6
2010/6/23,62.1
2010/6/24,62
2010/6/25,61.4
2010/6/28,61.7
2010/6/29,61
2010/6/30,60.6
2010/7/1,60
2010/7/2,60.3
2010/7/5,61.4
2010/7/6,59.9
2010/7/7,59.5
2010/7/8,60.4
2010/7/9,60.4
2010/7/12,59.8
2010/7/13,59.6
2010/7/14,60.4
2010/7/15,60.3
2010/7/16,59.9
2010/7/19,61.1
2010/7/20,61.5
2010/7/21,61.8
2010/7/22,62
2010/7/23,62.8
2010/7/26,62.6
2010/7/27,62.5
2010/7/28,63
2010/7/29,63
2010/7/30,62.4
2010/8/2,62.3
2010/8/3,62
2010/8/4,62
2010/8/5,61.9
2010/8/6,60.9
2010/8/9,60.7
2010/8/10,61
2010/8/11,61
2010/8/12,60.2
2010/8/13,60.1
2010/8/16,60.3
2010/8/17,59.8
2010/8/18,59.6
2010/8/19,60.1
2010/8/20,59.9
2010/8/23,60.1
2010/8/24,59.6
2010/8/25,58.7
2010/8/26,58.8
2010/8/27,58.8
2010/8/30,59.4
2010/8/31,58.9
2010/9/1,59.1
2010/9/2,59.5
2010/9/3,59.8
2010/9/6,60.5
2010/9/7,60.2
2010/9/8,59.3
2010/9/9,59.5
2010/9/10,59.3
2010/9/13,60.9
2010/9/14,61
2010/9/15,61.2
2010/9/16,60.5
2010/9/17,61.2
2010/9/20,62
2010/9/21,61.8
2010/9/23,60
2010/9/24,60.1
2010/9/27,60.7
2010/9/28,61
2010/9/29,61.5
2010/9/30,62
2010/10/1,62
2010/10/4,61.9
2010/10/5,61.1
2010/10/6,61.8
2010/10/7,61.3
2010/10/8,61.8
2010/10/11,61.5
2010/10/12,61
2010/10/13,61
2010/10/14,61.8
2010/10/15,61.9
2010/10/18,60.5
2010/10/19,60.7
2010/10/20,61
2010/10/21,61
2010/10/22,61.8
2010/10/25,62
2010/10/26,62.3
2010/10/27,62
2010/10/28,62.7
2010/10/29,62.8
2010/11/1,63.5
2010/11/2,63.3
2010/11/3,63.9
2010/11/4,63.9
2010/11/5,64.2
2010/11/8,63.3
2010/11/9,64
2010/11/10,64.2
2010/11/11,63.7
2010/11/12,63
2010/11/15,63.9
2010/11/16,64.5
2010/11/17,63.8
2010/11/18,63.3
2010/11/19,63.7
2010/11/22,63.8
2010/11/23,63.4
2010/11/24,63.2
2010/11/25,64.4
2010/11/26,64.4
2010/11/29,64.3
2010/11/30,63.4
2010/12/1,64.6
2010/12/2,66.2
2010/12/3,68.3
2010/12/6,68.5
2010/12/7,68
2010/12/8,68
2010/12/9,70
2010/12/10,69.7
2010/12/13,69.4
2010/12/14,69
2010/12/15,70
2010/12/16,71.2
2010/12/17,72.9
2010/12/20,71.2
2010/12/21,71.3
2010/12/22,71.2
2010/12/23,71
2010/12/24,70.8
2010/12/27,70.7
2010/12/28,70.9
2010/12/29,70.6
2010/12/30,70.6
2010/12/31,71
2011/1/3,71.1
2011/1/4,71.2
2011/1/5,69.8
2011/1/6,71
2011/1/7,72.5
2011/1/10,74.2
2011/1/11,74.5
2011/1/12,74.9
2011/1/13,74.6
2011/1/14,74.8
2011/1/17,75.8
2011/1/18,76.8
2011/1/19,78
2011/1/20,76.4
2011/1/21,74.6
2011/1/24,75.3
2011/1/25,75
2011/1/26,74.6
2011/1/27,75.2
2011/1/28,76.3
2011/2/8,75.5
2011/2/9,73.8
2011/2/10,72
2011/2/11,71.4
2011/2/14,72.5
2011/2/15,72.5
2011/2/16,72.1
2011/2/17,72.5
2011/2/18,73
2011/2/21,73.4
2011/2/22,72.5
2011/2/23,71
2011/2/24,70.5
2011/2/25,70.5
2011/3/1,71.4
2011/3/2,70.4
2011/3/3,70.8
2011/3/4,71.8
2011/3/7,70.9
2011/3/8,71.5
2011/3/9,71.4
2011/3/10,70.5
2011/3/11,70
2011/3/14,70.3
2011/3/15,68
2011/3/16,68.5
2011/3/17,67.4
2011/3/18,68.3
2011/3/21,69
2011/3/22,68.6
2011/3/23,68.7
2011/3/24,69.4
2011/3/25,71.2
2011/3/28,71
2011/3/29,70.8
2011/3/30,70.3
2011/3/31,70.6
2011/4/1,70.7
2011/4/6,72.9
2011/4/7,72.8
2011/4/8,72.9
2011/4/11,71.1
2011/4/12,70.1
2011/4/13,70.7
2011/4/14,69.8
2011/4/15,69.2
2011/4/18,69
2011/4/19,68.1
2011/4/20,69.8
2011/4/21,70.7
2011/4/22,70.9
2011/4/25,70.3
2011/4/26,70.3
2011/4/27,72.3
2011/4/28,73
2011/4/29,73.2
2011/5/3,74.6
2011/5/4,73.8
2011/5/5,74.8
2011/5/6,75
2011/5/9,75.5
2011/5/10,74.4
2011/5/11,75
2011/5/12,75.7
2011/5/13,75.9
2011/5/16,74.9
2011/5/17,75.6
2011/5/18,75.3
2011/5/19,75.2
2011/5/20,75.5
2011/5/23,75.1
2011/5/24,74.8
2011/5/25,74.5
2011/5/26,74.2
2011/5/27,74
2011/5/30,75.1
2011/5/31,76.7
2011/6/1,77
2011/6/2,76.4
2011/6/3,77.2
2011/6/7,77.5
2011/6/8,77.5
2011/6/9,76.9
2011/6/10,75.3
2011/6/13,74.7
2011/6/14,76.2
2011/6/15,77
2011/6/16,75.5
2011/6/17,74.2
2011/6/20,74.9
2011/6/21,75.9
2011/6/22,75
2011/6/23,74.2
2011/6/24,72.9
2011/6/27,72
2011/6/28,72.5
2011/6/29,71.4
2011/6/30,72.2
2011/7/1,72.8
2011/7/4,73.5
2011/7/5,73.2
2011/7/6,72.8
2011/7/7,71.6
2011/7/8,72.5
2011/7/11,71.3
2011/7/12,70.3
2011/7/13,72.2
2011/7/14,70.7
2011/7/15,69.9
2011/7/18,69.7
2011/7/19,68.5
2011/7/20,71.6
2011/7/21,71.6
2011/7/22,72
2011/7/25,72
2011/7/26,73.7
2011/7/27,73.4
2011/7/28,73
2011/7/29,72
2011/8/1,72.6
2011/8/2,71.4
2011/8/3,70.1
2011/8/4,70
2011/8/5,66.6
2011/8/8,65.2
2011/8/9,63.3
2011/8/10,65.8
2011/8/11,66.4
2011/8/12,65.1
2011/8/15,66.8
2011/8/16,66
2011/8/17,65.8
2011/8/18,64.4
2011/8/19,63.9
2011/8/22,65
2011/8/23,66.8
2011/8/24,67.5
2011/8/25,67
2011/8/26,67.9
2011/8/29,69.4
2011/8/30,69
2011/8/31,69.4
2011/9/1,68.6
2011/9/2,67.5
2011/9/5,66.6
2011/9/6,66.1
2011/9/7,68.6
2011/9/8,68.7
2011/9/9,69.3
2011/9/13,68.4
2011/9/14,67.2
2011/9/15,69.1
2011/9/16,71.1
2011/9/19,71.2
2011/9/20,70.5
2011/9/21,72
2011/9/22,69
2011/9/23,67.5
2011/9/26,67.2
2011/9/27,69.9
2011/9/28,70.3
2011/9/29,70.3
2011/9/30,70
2011/10/3,68.6
2011/10/4,69.1
2011/10/5,69.1
2011/10/6,69
2011/10/7,69.1
2011/10/11,70
2011/10/12,70.4
2011/10/13,70.4
2011/10/14,70.3
2011/10/17,71.1
2011/10/18,70.7
2011/10/19,71.1
2011/10/20,69.7
2011/10/21,70.3
2011/10/24,71.7
2011/10/25,71.5
2011/10/26,71.9
2011/10/27,71.9
2011/10/28,73.1
2011/10/31,73.6
2011/11/1,73.8
2011/11/2,73.9
2011/11/3,73.5
2011/11/4,74.6
2011/11/7,75
2011/11/8,74.5
2011/11/9,74.1
2011/11/10,72.6
2011/11/11,73.4
2011/11/14,75.9
2011/11/15,76
2011/11/16,75.4
2011/11/17,75.7
2011/11/18,74.2
2011/11/21,73.3
2011/11/22,74
2011/11/23,73.4
2011/11/24,72.8
2011/11/25,71.6
2011/11/28,73.6
2011/11/29,73.6
2011/11/30,74.6
2011/12/1,76.6
2011/12/2,76
2011/12/5,76.3
2011/12/6,75.4
2011/12/7,76.4
2011/12/8,76.3
2011/12/9,74.1
2011/12/12,75
2011/12/13,75.2
2011/12/14,74.5
2011/12/15,72.5
2011/12/16,72.7
2011/12/19,72.5
2011/12/20,72.8
2011/12/21,76
2011/12/22,75
2011/12/23,75.4
2011/12/26,75
2011/12/27,75.5
2011/12/28,75.7
2011/12/29,75.8
2011/12/30,75.8
2012/1/2,75
2012/1/3,75.7
2012/1/4,75.8
2012/1/5,76
2012/1/6,75.6
2012/1/9,75.6
2012/1/10,76.5
2012/1/11,76.5
2012/1/12,77
2012/1/13,77.5
2012/1/16,75.3
2012/1/17,75.6
2012/1/18,76.7
2012/1/30,78.7
2012/1/31,78.5
2012/2/1,77
2012/2/2,76.8
2012/2/3,76.2
2012/2/4,76.5
2012/2/6,77.4
2012/2/7,77.4
2012/2/8,77.5
2012/2/9,78
2012/2/10,76.9
2012/2/13,76.6
2012/2/14,77.3
2012/2/15,78.5
2012/2/16,78.5
2012/2/17,80
2012/2/20,80
2012/2/21,80
2012/2/22,79.7
2012/2/23,78.1
2012/2/24,79.1
2012/2/29,81.1
2012/3/1,80.1
2012/3/2,80
2012/3/3,79.3
2012/3/5,78.9
2012/3/6,79.5
2012/3/7,79.1
2012/3/8,79.7
2012/3/9,80
2012/3/12,80
2012/3/13,81.3
2012/3/14,83.2
2012/3/15,83.2
2012/3/16,81.1
2012/3/19,83.7
2012/3/20,83.2
2012/3/21,84.9
2012/3/22,85.2
2012/3/23,85.4
2012/3/26,83.6
2012/3/27,85.8
2012/3/28,85.5
2012/3/29,84.1
2012/3/30,84.9
2012/4/2,85.1
2012/4/3,85
2012/4/5,83.1
2012/4/6,83.8
2012/4/9,83
2012/4/10,82
2012/4/11,82.4
2012/4/12,82.6
2012/4/13,84.9
2012/4/16,84.9
2012/4/17,83.8
2012/4/18,85
2012/4/19,85.8
2012/4/20,84.3
2012/4/23,84.3
2012/4/24,84.6
2012/4/25,84.2
2012/4/26,84
2012/4/27,86
2012/4/30,86.8
2012/5/2,88.4
2012/5/3,88.9
2012/5/4,87.6
2012/5/7,85.6
2012/5/8,84.4
2012/5/9,84.6
2012/5/10,85.3
2012/5/11,85.5
2012/5/14,85.4
2012/5/15,85.5
2012/5/16,83.4
2012/5/17,85.1
2012/5/18,81.8
2012/5/21,82.5
2012/5/22,82.2
2012/5/23,79.1
2012/5/24,80.6
2012/5/25,80
2012/5/28,81.6
2012/5/29,82.3
2012/5/30,81.7
2012/5/31,85.1
2012/6/1,79.9
2012/6/4,76.5
2012/6/5,78.2
2012/6/6,77.8
2012/6/7,79.8
2012/6/8,77.9
2012/6/11,80.4
2012/6/12,79.4
2012/6/13,80
2012/6/14,79.2
2012/6/15,78.1
2012/6/18,80.8
2012/6/19,80.5
2012/6/20,81.6
2012/6/21,80.6
2012/6/22,80.1
2012/6/25,79.6
2012/6/26,78.7
2012/6/27,79.3
2012/6/28,79.9
2012/6/29,81.3
2012/7/2,83.3
2012/7/3,84.2
2012/7/4,81.2
2012/7/5,81
2012/7/6,80.9
2012/7/9,80
2012/7/10,79.1
2012/7/11,78.1
2012/7/12,75.7
2012/7/13,75.8
2012/7/16,75.5
2012/7/17,74.8
2012/7/18,74.8
2012/7/19,77.5
2012/7/20,76.7
2012/7/23,74.3
2012/7/24,74.8
2012/7/25,74.6
2012/7/26,76.3
2012/7/27,79.3
2012/7/30,79
2012/7/31,81
2012/8/1,80
2012/8/3,79.8
2012/8/6,80.9
2012/8/7,81.4
2012/8/8,80.5
2012/8/9,82.3
2012/8/10,82
2012/8/13,82.7
2012/8/14,83.2
2012/8/15,83
2012/8/16,82.9
2012/8/17,82
2012/8/20,82.4
2012/8/21,83.6
2012/8/22,82.4
2012/8/23,82.7
2012/8/24,82
2012/8/27,83
2012/8/28,82.4
2012/8/29,82.7
2012/8/30,82.7
2012/8/31,83.3
2012/9/3,83.9
2012/9/4,84
2012/9/5,82
2012/9/6,81.1
2012/9/7,83.8
2012/9/10,83.5
2012/9/11,84.4
2012/9/12,84.5
2012/9/13,85
2012/9/14,86.5
2012/9/17,86.5
2012/9/18,85.7
2012/9/19,86
2012/9/20,85.3
2012/9/21,85.7
2012/9/24,86.1
2012/9/25,85.9
2012/9/26,86.4
2012/9/27,87.6
2012/9/28,89.8
2012/10/1,88.9
2012/10/2,89.6
2012/10/3,89.8
2012/10/4,90.6
2012/10/5,91
2012/10/8,89.1
2012/10/9,87.1
2012/10/11,85.5
2012/10/12,86.3
2012/10/15,86.4
2012/10/16,87.5
2012/10/17,87.4
2012/10/18,88.1
2012/10/19,86.7
2012/10/22,86
2012/10/23,85.7
2012/10/24,85.4
2012/10/25,84.8
2012/10/26,87.3
2012/10/29,88.1
2012/10/30,88
2012/10/31,88.7
2012/11/1,89.2
2012/11/2,89.9
2012/11/5,90.3
2012/11/6,90.4
2012/11/7,91
2012/11/8,90.5
2012/11/9,90.8
2012/11/12,91.3
2012/11/13,90.3
2012/11/14,90.5
2012/11/15,90.2
2012/11/16,90.2
2012/11/19,90
2012/11/20,90.4
2012/11/21,90.5
2012/11/22,91.3
2012/11/23,95.5
2012/11/26,95.3
2012/11/27,96.3
2012/11/28,95.9
2012/11/29,96.5
2012/11/30,98.7
2012/12/3,97.9
2012/12/4,96.6
2012/12/5,96.9
2012/12/6,96.6
2012/12/7,98.1
2012/12/10,96.5
2012/12/11,98.3
2012/12/12,98.4
2012/12/13,99.2
2012/12/14,98.4
2012/12/17,97
2012/12/18,96.7
2012/12/19,97.3
2012/12/20,96
2012/12/21,94.8
2012/12/22,95.7
2012/12/24,95.2
2012/12/25,96.5
2012/12/26,96
2012/12/27,95.6
2012/12/28,97
2013/1/2,99.6
2013/1/3,101
2013/1/4,101.5
2013/1/7,100.5
2013/1/8,99.7
2013/1/9,100
2013/1/10,101
2013/1/11,101
2013/1/14,102
2013/1/15,100.5
2013/1/16,99.2
2013/1/17,99.3
2013/1/18,101.5
2013/1/21,100.5
2013/1/22,101
2013/1/23,101
2013/1/24,99.9
2013/1/25,99
2013/1/28,99.3
2013/1/29,101
2013/1/30,101.5
2013/1/31,101.5
2013/2/1,101.5
2013/2/4,103
2013/2/5,103
2013/2/6,105
2013/2/18,107
2013/2/19,107
2013/2/20,109
2013/2/21,107
2013/2/22,105.5
2013/2/23,107
2013/2/25,105
2013/2/26,103.5
2013/2/27,104.5
2013/3/1,105
2013/3/4,102
2013/3/5,104
2013/3/6,104
2013/3/7,103
2013/3/8,103.5
2013/3/11,102
2013/3/12,102.5
2013/3/13,104.5
2013/3/14,104
2013/3/15,103
2013/3/18,100.5
2013/3/19,100
2013/3/20,98.8
2013/3/21,98.7
2013/3/22,98
2013/3/25,99.5
2013/3/26,99
2013/3/27,100.5
2013/3/28,100
2013/3/29,100.5
2013/4/1,101
2013/4/2,100.5
2013/4/3,100.5
2013/4/8,98.5
2013/4/9,97.5
2013/4/10,98.3
2013/4/11,101.5
2013/4/12,100.5
2013/4/15,99.4
2013/4/16,100.5
2013/4/17,100
2013/4/18,99.9
2013/4/19,106.5
2013/4/22,108.5
2013/4/23,106
2013/4/24,106
2013/4/25,107
2013/4/26,108.5
2013/4/29,108
2013/4/30,109.5
2013/5/2,110.5
2013/5/3,110
2013/5/6,111.5
2013/5/7,112.5
2013/5/8,114.5
2013/5/9,115
2013/5/10,114.5
2013/5/13,114.5
2013/5/14,115.5
2013/5/15,115
2013/5/16,113.5
2013/5/17,113.5
2013/5/20,114
2013/5/21,112.5
2013/5/22,112
2013/5/23,108
2013/5/24,109.5
2013/5/27,112
2013/5/28,109.5
2013/5/29,111
2013/5/30,110
2013/5/31,109.5
2013/6/3,107.5
2013/6/4,109
2013/6/5,109.5
2013/6/6,107.5
2013/6/7,108.5
2013/6/10,108.5
2013/6/11,108
2013/6/13,104.5
2013/6/14,106
2013/6/17,106
2013/6/18,106.5
2013/6/19,105.5
2013/6/20,104
2013/6/21,103.5
2013/6/24,101
2013/6/25,101
2013/6/26,101.5
2013/6/27,104.5
2013/6/28,111
2013/7/1,108
2013/7/2,110
2013/7/3,107
2013/7/4,107
2013/7/5,109
2013/7/8,105
2013/7/9,106
2013/7/10,106
2013/7/11,109.5
2013/7/12,110
2013/7/15,109.5
2013/7/16,108
2013/7/17,109
2013/7/18,105.5
2013/7/19,98.2
2013/7/22,97
2013/7/23,100
2013/7/24,102
2013/7/25,102.5
2013/7/26,102.5
2013/7/29,100
2013/7/30,102
2013/7/31,102.5
2013/8/1,100.5
2013/8/2,100.5
2013/8/5,100.5
2013/8/6,98.8
2013/8/7,97
2013/8/8,96.4
2013/8/9,96.4
2013/8/12,96
2013/8/13,97.2
2013/8/14,96.8
2013/8/15,96
2013/8/16,96.5
2013/8/19,95.5
2013/8/20,94.4
2013/8/22,94.5
2013/8/23,97
2013/8/26,96.8
2013/8/27,95.6
2013/8/28,96.8
2013/8/29,98.7
2013/8/30,100.5
2013/9/2,102
2013/9/3,102
2013/9/4,100.5
2013/9/5,101.5
2013/9/6,102
2013/9/9,103
2013/9/10,104.5
2013/9/11,104.5
2013/9/12,103.5
2013/9/13,102.5
2013/9/14,102.5
2013/9/16,105.5
2013/9/17,105.5
2013/9/18,103
2013/9/23,105.5
2013/9/24,105
2013/9/25,103
2013/9/26,101.5
2013/9/27,103
2013/9/30,100.5
2013/10/1,101.5
2013/10/2,103
2013/10/3,105
2013/10/4,104
2013/10/7,103
2013/10/8,105
2013/10/9,105
2013/10/11,106.5
2013/10/14,105
2013/10/15,107
2013/10/16,106
2013/10/17,107
2013/10/18,110
2013/10/21,110
2013/10/22,111.5
2013/10/23,111
2013/10/24,110
2013/10/25,107
2013/10/28,109.5
2013/10/29,109.5
2013/10/30,110
2013/10/31,109.5
2013/11/1,109.5
2013/11/4,109
2013/11/5,106.5
2013/11/6,107
2013/11/7,107
2013/11/8,106
2013/11/11,104.5
2013/11/12,105
2013/11/13,103
2013/11/14,103.5
2013/11/15,104
2013/11/18,104
2013/11/19,105
2013/11/20,103
2013/11/21,101
2013/11/22,100
2013/11/25,101
2013/11/26,103.5
2013/11/27,105
2013/11/28,105
2013/11/29,105
2013/12/2,104.5
2013/12/3,104
2013/12/4,105
2013/12/5,104
2013/12/6,103
2013/12/9,105
2013/12/10,104
2013/12/11,105
2013/12/12,103
2013/12/13,102.5
2013/12/16,102
2013/12/17,103.5
2013/12/18,101
2013/12/19,102.5
2013/12/20,102
2013/12/23,104
2013/12/24,103
2013/12/25,103
2013/12/26,104
2013/12/27,104.5
2013/12/30,106
2013/12/31,105.5
2014/1/2,104.5
2014/1/3,102.5
2014/1/6,102.5
2014/1/7,102
2014/1/8,104
2014/1/9,101
2014/1/10,102
2014/1/13,103
2014/1/14,103.5
2014/1/15,105
2014/1/16,107
2014/1/17,107.5
2014/1/20,107.5
2014/1/21,106.5
2014/1/22,107.5
2014/1/23,107.5
2014/1/24,108
2014/1/27,105
2014/2/5,100.5
2014/2/6,102
2014/2/7,104
2014/2/10,103
2014/2/11,104.5
2014/2/12,105
2014/2/13,105
2014/2/14,107.5
2014/2/17,108.5
2014/2/18,108
2014/2/19,108
2014/2/20,106.5
2014/2/21,107.5
2014/2/24,107
2014/2/25,108
2014/2/26,107.5
2014/2/27,108
2014/3/3,108
2014/3/4,107.5
2014/3/5,110
2014/3/6,113
2014/3/7,114.5
2014/3/10,113
2014/3/11,114
2014/3/12,113
2014/3/13,116.5
2014/3/14,115
2014/3/17,114
2014/3/18,114.5
2014/3/19,114.5
2014/3/20,112
2014/3/21,112.5
2014/3/24,112.5
2014/3/25,113.5
2014/3/26,115.5
2014/3/27,116
2014/3/28,117.5
2014/3/31,118.5
2014/4/1,119.5
2014/4/2,120
2014/4/3,118.5
2014/4/7,117.5
2014/4/8,119
2014/4/9,119
2014/4/10,119.5
2014/4/11,120
2014/4/14,120.5
2014/4/15,122.5
2014/4/16,121
2014/4/17,120
2014/4/18,123
2014/4/21,121.5
2014/4/22,121.5
2014/4/23,121
2014/4/24,121
2014/4/25,118.5
2014/4/28,119
2014/4/29,120.5
2014/4/30,118.5
2014/5/2,118
2014/5/5,117
2014/5/6,118
2014/5/7,118.5
2014/5/8,119.5
2014/5/9,120
2014/5/12,118.5
2014/5/13,120.5
2014/5/14,122
2014/5/15,122
2014/5/16,122
2014/5/19,121
2014/5/20,121
2014/5/21,120.5
2014/5/22,122
2014/5/23,122
2014/5/26,123
2014/5/27,123.5
2014/5/28,124
2014/5/29,122
2014/5/30,119.5
2014/6/3,122.5
2014/6/4,123.5
2014/6/5,123
2014/6/6,122.5
2014/6/9,123
2014/6/10,124.5
2014/6/11,125
2014/6/12,123.5
2014/6/13,123
2014/6/16,124
2014/6/17,125
2014/6/18,125.5
2014/6/19,126
2014/6/20,124.5
2014/6/23,123
2014/6/24,123
2014/6/25,123.5
2014/6/26,124.5
2014/6/27,125.5
2014/6/30,126.5
2014/7/1,128
2014/7/2,132.5
2014/7/3,134.5
2014/7/4,135
2014/7/7,136
2014/7/8,134.5
2014/7/9,134
2014/7/10,134.5
2014/7/11,136.5
2014/7/14,132.5
2014/7/15,133
2014/7/16,130.5
2014/7/17,124.5
2014/7/18,123.5
2014/7/21,123.5
2014/7/22,124.5
2014/7/24,125
2014/7/25,123
2014/7/28,121.5
2014/7/29,124
2014/7/30,124.5
2014/7/31,121
2014/8/1,120
2014/8/4,123.5
2014/8/5,119.5
2014/8/6,120.5
2014/8/7,121.5
2014/8/8,120.5
2014/8/11,120.5
2014/8/12,121.5
2014/8/13,122.5
2014/8/14,124
2014/8/15,124
2014/8/18,123
2014/8/19,124
2014/8/20,125.5
2014/8/21,124.5
2014/8/22,125.5
2014/8/25,125
2014/8/26,124.5
2014/8/27,125.5
2014/8/28,125
2014/8/29,124
2014/9/1,128.5
2014/9/2,126
2014/9/3,128
2014/9/4,127.5
2014/9/5,127
2014/9/9,127
2014/9/10,125
2014/9/11,125
2014/9/12,123
2014/9/15,123.5
2014/9/16,122.5
2014/9/17,124.5
2014/9/18,125
2014/9/19,125
2014/9/22,122
2014/9/23,122.5
2014/9/24,123
2014/9/25,122
2014/9/26,121
2014/9/29,120.5
2014/9/30,120
2014/10/1,121.5
2014/10/2,121
2014/10/3,124.5
2014/10/6,126
2014/10/7,125
2014/10/8,122.5
2014/10/9,125
2014/10/13,120.5
2014/10/14,121
2014/10/15,121.5
2014/10/16,121.5
2014/10/17,123.5
2014/10/20,126
2014/10/21,125
2014/10/22,129
2014/10/23,127.5
2014/10/24,125.5
2014/10/27,128
2014/10/28,128
2014/10/29,129
2014/10/30,128.5
2014/10/31,130.5
2014/11/3,131
2014/11/4,132
2014/11/5,132
2014/11/6,132
2014/11/7,131
2014/11/10,134.5
2014/11/11,134
2014/11/12,132
2014/11/13,134
2014/11/14,135
2014/11/17,133
2014/11/18,131.5
2014/11/19,136
2014/11/20,139
2014/11/21,138.5
2014/11/24,138.5
2014/11/25,139
2014/11/26,139
2014/11/27,140
2014/11/28,141.5
2014/12/1,140
2014/12/2,137.5
2014/12/3,138
2014/12/4,139
2014/12/5,137.5
2014/12/8,138
2014/12/9,138
2014/12/10,136
2014/12/11,134.5
2014/12/12,135
2014/12/15,136
2014/12/16,133
2014/12/17,130.5
2014/12/18,131.5
2014/12/19,138
2014/12/22,138.5
2014/12/23,137.5
2014/12/24,138
2014/12/25,137.5
2014/12/26,139
2014/12/27,138.5
2014/12/29,141
2014/12/30,140
2014/12/31,141
2015/1/5,139.5
2015/1/6,133.5
2015/1/7,134
2015/1/8,138
2015/1/9,134
2015/1/12,132
2015/1/13,132.5
2015/1/14,130
2015/1/15,131.5
2015/1/16,137
2015/1/19,139
2015/1/20,138
2015/1/21,141
2015/1/22,140
2015/1/23,145
2015/1/26,145
2015/1/27,147
2015/1/28,146.5
2015/1/29,143.5
2015/1/30,141
2015/2/2,142.5
2015/2/3,144.5
2015/2/4,146
2015/2/5,145.5
2015/2/6,143
2015/2/9,142
2015/2/10,142.5
2015/2/11,148
2015/2/12,148.5
2015/2/13,148.5
2015/2/24,151
2015/2/25,154.5
2015/2/26,150.5
2015/3/2,149
2015/3/3,150.5
2015/3/4,150.5
2015/3/5,150
2015/3/6,149
2015/3/9,145.5
2015/3/10,144
2015/3/11,146
2015/3/12,148
2015/3/13,149
2015/3/16,146
2015/3/17,149
2015/3/18,153.5
2015/3/19,154
2015/3/20,154
2015/3/23,153.5
2015/3/24,151.5
2015/3/25,151
2015/3/26,145.5
2015/3/27,142.5
2015/3/30,142.5
2015/3/31,145.5
2015/4/1,144
2015/4/2,147
2015/4/7,146
2015/4/8,143
2015/4/9,143
2015/4/10,147
2015/4/13,147
2015/4/14,144
2015/4/15,143
2015/4/16,147
2015/4/17,142.5
2015/4/20,143
2015/4/21,142.5
2015/4/22,143.5
2015/4/23,147
2015/4/24,152.5
2015/4/27,151.5
2015/4/28,151.5
2015/4/29,148.5
2015/4/30,147
2015/5/4,147.5
2015/5/5,147
2015/5/6,147.5
2015/5/7,146.5
2015/5/8,146.5
2015/5/11,148.5
2015/5/12,147.5
2015/5/13,148
2015/5/14,146
2015/5/15,146.5
2015/5/18,146.5
2015/5/19,146.5
2015/5/20,146.5
2015/5/21,145.5
2015/5/22,145.5
2015/5/25,147.5
2015/5/26,146.5
2015/5/27,145
2015/5/28,147
2015/5/29,146
2015/6/1,145
2015/6/2,144
2015/6/3,143
2015/6/4,141
2015/6/5,140
2015/6/8,138.5
2015/6/9,139
2015/6/10,139.5
2015/6/11,143.5
2015/6/12,144.5
2015/6/15,143
2015/6/16,142
2015/6/17,142.5
2015/6/18,142
2015/6/22,142
2015/6/23,144.5
2015/6/24,145
2015/6/25,146.5
2015/6/26,146
2015/6/29,138.5
2015/6/30,140.5
2015/7/1,141
2015/7/2,141.5
2015/7/3,142.5
2015/7/6,140.5
2015/7/7,140.5
2015/7/8,138
2015/7/9,136.5
2015/7/13,138.5
2015/7/14,138.5
2015/7/15,138.5
2015/7/16,136.5
2015/7/17,140
2015/7/20,139
2015/7/21,140.5
2015/7/22,139
2015/7/23,136
2015/7/24,137
2015/7/27,134
2015/7/28,134
2015/7/29,135.5
2015/7/30,138.5
2015/7/31,139.5
2015/8/3,134.5
2015/8/4,136.5
2015/8/5,134
2015/8/6,134
2015/8/7,133
2015/8/10,129
2015/8/11,130.5
2015/8/12,128.5
2015/8/13,128
2015/8/14,126
2015/8/17,124
2015/8/18,126
2015/8/19,125
2015/8/20,126
2015/8/21,121
2015/8/24,115
2015/8/25,123.5
2015/8/26,122.5
2015/8/27,124
2015/8/28,125
2015/8/31,129
2015/9/1,124
2015/9/2,125.5
2015/9/3,127
2015/9/4,125
2015/9/7,122.5
2015/9/8,123
2015/9/9,129
2015/9/10,125
2015/9/11,127.5
2015/9/14,127.5
2015/9/15,126
2015/9/16,129.5
2015/9/17,131
2015/9/18,131.5
2015/9/21,129.5
2015/9/22,129
2015/9/23,124.5
2015/9/24,127
2015/9/25,127
2015/9/30,130
2015/10/1,133.5
2015/10/2,132
2015/10/5,132.5
2015/10/6,133
2015/10/7,135
2015/10/8,136
2015/10/12,138.5
2015/10/13,137.5
2015/10/14,136.5
2015/10/15,140
2015/10/16,137.5
2015/10/19,138
2015/10/20,139
2015/10/21,138.5
2015/10/22,137.5
2015/10/23,140
2015/10/26,140
2015/10/27,139
2015/10/28,138
2015/10/29,136.5
2015/10/30,136.5
2015/11/2,137.5
2015/11/3,139.5
2015/11/4,144.5
2015/11/5,142.5
2015/11/6,140
2015/11/9,142
2015/11/10,139.5
2015/11/11,137.5
2015/11/12,138.5
2015/11/13,136
2015/11/16,135
2015/11/17,138.5
2015/11/18,137
2015/11/19,140.5
2015/11/20,141
2015/11/23,141
2015/11/24,139.5
2015/11/25,141
2015/11/26,142.5
2015/11/27,139
2015/11/30,139
2015/12/1,142.5
2015/12/2,142.5
2015/12/3,142.5
2015/12/4,140.5
2015/12/7,143.5
2015/12/8,142.5
2015/12/9,140.5
2015/12/10,141
2015/12/11,139.5
2015/12/14,139
2015/12/15,138
2015/12/16,143.5
2015/12/17,145
2015/12/18,142
2015/12/21,141.5
2015/12/22,142
2015/12/23,141.5
2015/12/24,142
2015/12/25,143
2015/12/28,143.5
2015/12/29,142
2015/12/30,142.5
2015/12/31,143
2016/1/4,139.5
2016/1/5,138
2016/1/6,135.5
2016/1/7,133
2016/1/8,134
2016/1/11,133
2016/1/12,133
2016/1/13,133.5
2016/1/14,131.5
2016/1/15,137
2016/1/18,137
2016/1/19,138
2016/1/20,134.5
2016/1/21,135
2016/1/22,138.5
2016/1/25,139.5
2016/1/26,137.5
2016/1/27,139.5
2016/1/28,140
2016/1/29,143
2016/1/30,142
2016/2/1,144
2016/2/2,142.5
2016/2/3,146
2016/2/15,145
2016/2/16,147.5
2016/2/17,148
2016/2/18,151
2016/2/19,151
2016/2/22,151
2016/2/23,149.5
2016/2/24,148
2016/2/25,150.5
2016/2/26,149
2016/3/1,152
2016/3/2,153
2016/3/3,154
2016/3/4,152.5
2016/3/7,152
2016/3/8,152
2016/3/9,153
2016/3/10,154.5
2016/3/11,155
2016/3/14,156
2016/3/15,154.5
2016/3/16,156
2016/3/17,158.5
2016/3/18,159.5
2016/3/21,160
2016/3/22,158.5
2016/3/23,159.5
2016/3/24,158.5
2016/3/25,158
2016/3/28,159
2016/3/29,159
2016/3/30,161.5
2016/3/31,162
2016/4/1,158.5
2016/4/6,153.5
2016/4/7,154.5
2016/4/8,157.5
2016/4/11,158.5
2016/4/12,158.5
2016/4/13,161.5
2016/4/14,161.5
2016/4/15,159.5
2016/4/18,158
2016/4/19,157.5
2016/4/20,154
2016/4/21,157
2016/4/22,156.5
2016/4/25,157.5
2016/4/26,158
2016/4/27,156.5
2016/4/28,153
2016/4/29,150
2016/5/3,147.5
2016/5/4,147
2016/5/5,147.5
2016/5/6,148
2016/5/9,147.5
2016/5/10,147
2016/5/11,147
2016/5/12,146
2016/5/13,144
2016/5/16,144.5
2016/5/17,147
2016/5/18,147
2016/5/19,147
2016/5/20,148.5
2016/5/23,154
2016/5/24,151
2016/5/25,154.5
2016/5/26,155
2016/5/27,156.5
2016/5/30,157
2016/5/31,156.5
2016/6/1,159
2016/6/2,159
2016/6/3,160.5
2016/6/4,160
2016/6/6,161
2016/6/7,162
2016/6/8,165.5
2016/6/13,162
2016/6/14,162
2016/6/15,163
2016/6/16,160.5
2016/6/17,163
2016/6/20,163
2016/6/21,165.5
2016/6/22,166
2016/6/23,164
2016/6/24,159
2016/6/27,155.5
2016/6/28,157
2016/6/29,159
2016/6/30,162.5
2016/7/1,166
2016/7/4,166
2016/7/5,164
2016/7/6,161.5
2016/7/7,164.5
2016/7/11,170
2016/7/12,171
2016/7/13,168.5
2016/7/14,169
2016/7/15,169.5
2016/7/18,169.5
2016/7/19,170.5
2016/7/20,170
2016/7/21,172
2016/7/22,171
2016/7/25,171.5
2016/7/26,173
2016/7/27,175
2016/7/28,176.5
2016/7/29,172.5
2016/8/1,177
2016/8/2,176
2016/8/3,172.5
2016/8/4,174.5
2016/8/5,177
2016/8/8,178
2016/8/9,178.5
2016/8/10,179.5
2016/8/11,176.5
2016/8/12,177.5
2016/8/15,179
2016/8/16,175.5
2016/8/17,177
2016/8/18,176
2016/8/19,174.5
2016/8/22,173
2016/8/23,174
2016/8/24,173.5
2016/8/25,177
2016/8/26,177
2016/8/29,176.5
2016/8/30,174.5
2016/8/31,176
2016/9/1,173.5
2016/9/2,174.5
2016/9/5,176.5
2016/9/6,179
2016/9/7,184
2016/9/8,183
2016/9/9,179.5
2016/9/10,178
2016/9/12,175
2016/9/13,175
2016/9/14,173.5
2016/9/19,182.5
2016/9/20,183
2016/9/21,184
2016/9/22,185.5
2016/9/23,187.5
2016/9/26,183
2016/9/29,185.5
2016/9/30,182.5
2016/10/3,186
2016/10/4,187
2016/10/5,186
2016/10/6,187.5
2016/10/7,188
2016/10/11,187.5
2016/10/12,189.5
2016/10/13,188.5
2016/10/14,188
2016/10/17,186.5
2016/10/18,187
2016/10/19,189.5
2016/10/20,190.5
2016/10/21,188.5
2016/10/24,191
2016/10/25,193
2016/10/26,191.5
2016/10/27,188.5
2016/10/28,189.5
2016/10/31,188.5
2016/11/1,189.5
2016/11/2,186
2016/11/3,184.5
2016/11/4,184.5
2016/11/7,189
2016/11/8,188.5
2016/11/9,182
2016/11/10,185.5
2016/11/11,181.5
2016/11/14,180.5
2016/11/15,180
2016/11/16,180
2016/11/17,181.5
2016/11/18,181
2016/11/21,181
2016/11/22,184
2016/11/23,185.5
2016/11/24,183
2016/11/25,182
2016/11/28,184
2016/11/29,182
2016/11/30,183
2016/12/1,183
2016/12/2,178
2016/12/5,179
2016/12/6,182
2016/12/7,181.5
2016/12/8,185.5
2016/12/9,186
2016/12/12,185
2016/12/13,186
2016/12/14,187.5
2016/12/15,187
2016/12/16,185
2016/12/19,182.5
2016/12/20,182.5
2016/12/21,180
2016/12/22,179
2016/12/23,178.5
2016/12/26,179.5
2016/12/27,180
2016/12/28,182
2016/12/29,180
2016/12/30,181.5
2017/1/3,183
2017/1/4,183
2017/1/5,183.5
2017/1/6,184
2017/1/9,184
2017/1/10,184
2017/1/11,182
2017/1/12,184.5
2017/1/13,181.5
2017/1/16,179.5
2017/1/17,181
2017/1/18,181
2017/1/19,180.5
2017/1/20,181
2017/1/23,185
2017/1/24,185.5
2017/2/2,184.5
2017/2/3,184.5
2017/2/6,184.5
2017/2/7,184.5
2017/2/8,183.5
2017/2/9,184
2017/2/10,185.5
2017/2/13,187.5
2017/2/14,187.5
2017/2/15,189
2017/2/16,189
2017/2/17,189.5
2017/2/18,189.5
2017/2/20,190
2017/2/21,190
2017/2/22,188.5
2017/2/23,188.5
2017/2/24,189
2017/3/1,186
2017/3/2,186
2017/3/3,184
2017/3/6,183.5
2017/3/7,185.5
2017/3/8,187
2017/3/9,184.5
2017/3/10,183.5
2017/3/13,186.5
2017/3/14,186
2017/3/15,186.5
2017/3/16,190
2017/3/17,191.5
2017/3/20,191.5
2017/3/21,195
2017/3/22,193.5
2017/3/23,193.5
2017/3/24,192.5
2017/3/27,193
2017/3/28,194.5
2017/3/29,191.5
2017/3/30,191.5
2017/3/31,189
2017/4/5,193
2017/4/6,191.5
2017/4/7,191
2017/4/10,190
2017/4/11,191
2017/4/12,191
2017/4/13,191.5
2017/4/14,189
2017/4/17,187.5
2017/4/18,188
2017/4/19,186.5
2017/4/20,187
2017/4/21,190
2017/4/24,190
2017/4/25,192
2017/4/26,191
2017/4/27,193
2017/4/28,194.5
2017/5/2,196.5
2017/5/3,198
2017/5/4,198
2017/5/5,197.5
2017/5/8,202.5
2017/5/9,203.5
2017/5/10,205.5
2017/5/11,207.5
2017/5/12,206
2017/5/15,206
2017/5/16,204.5
2017/5/17,204
2017/5/18,203.5
2017/5/19,203
2017/5/22,205
2017/5/23,205
2017/5/24,205.5
2017/5/25,207
2017/5/26,207
2017/5/31,203
2017/6/1,207
2017/6/2,209
2017/6/3,209
2017/6/5,212
2017/6/6,210.5
2017/6/7,211.5
2017/6/8,213
2017/6/9,212
2017/6/12,207.5
2017/6/13,208
2017/6/14,207
2017/6/15,208
2017/6/16,211.5
2017/6/19,213
2017/6/20,216.5
2017/6/21,215.5
2017/6/22,218
2017/6/23,217
2017/6/26,215
2017/6/27,211.5
2017/6/28,208.5
2017/6/29,210
2017/6/30,208.5
2017/7/3,209
2017/7/4,207
2017/7/5,208.5
2017/7/6,207.5
2017/7/7,206
2017/7/10,206
2017/7/11,212
2017/7/12,210.5
2017/7/13,214.5
2017/7/14,213
2017/7/17,213
2017/7/18,214
2017/7/19,214.5
2017/7/20,215.5
2017/7/21,214
2017/7/24,214.5
2017/7/25,214
2017/7/26,213
2017/7/27,215.5
2017/7/28,213
2017/7/31,214.5
2017/8/1,212
2017/8/2,216
2017/8/3,213.5
2017/8/4,213
2017/8/7,216
2017/8/8,217.5
2017/8/9,214.5
2017/8/10,214
2017/8/11,212.5
2017/8/14,211
2017/8/15,214
2017/8/16,213
2017/8/17,214
2017/8/18,212.5
2017/8/21,211.5
2017/8/22,214.5
2017/8/23,215.5
2017/8/24,217
2017/8/25,217.5
2017/8/28,216
2017/8/29,216
2017/8/30,217.5
2017/8/31,216.5
2017/9/1,216.5
2017/9/4,217.5
2017/9/5,218
2017/9/6,217
2017/9/7,217
2017/9/8,218
2017/9/11,217
2017/9/12,219
2017/9/13,218
2017/9/14,218.5
2017/9/15,218.5
2017/9/18,219.5
2017/9/19,221.5
2017/9/20,221.5
2017/9/21,221
2017/9/22,218.5
2017/9/25,217
2017/9/26,214
2017/9/27,215
2017/9/28,214
2017/9/29,216.5
2017/9/30,216.5
2017/10/2,220.5
2017/10/3,222.5
2017/10/5,224.5
2017/10/6,224.5
2017/10/11,233
2017/10/12,237.5
2017/10/13,237.5
2017/10/16,238
2017/10/17,235.5
2017/10/18,237.5
2017/10/19,239
2017/10/20,237.5
2017/10/23,239
2017/10/24,238
2017/10/25,238
2017/10/26,236
2017/10/27,239
2017/10/30,243
2017/10/31,243
2017/11/1,242.5
2017/11/2,241
2017/11/3,239
2017/11/6,239.5
2017/11/7,244
2017/11/8,242.5
2017/11/9,241
2017/11/10,240.5
2017/11/13,239.5
2017/11/14,240
2017/11/15,237.5
2017/11/16,238
2017/11/17,241.5
2017/11/20,238.5
2017/11/21,243
2017/11/22,242
2017/11/23,242.5
2017/11/24,244
2017/11/27,237
2017/11/28,234
2017/11/29,234.5
2017/11/30,226
2017/12/1,231
2017/12/4,234
2017/12/5,229.5
2017/12/6,227
2017/12/7,226.5
2017/12/8,227
2017/12/11,227.5
2017/12/12,227.5
2017/12/13,227
2017/12/14,230.5
2017/12/15,230
2017/12/18,227
2017/12/19,225
2017/12/20,224.5
2017/12/21,225
2017/12/22,227.5
2017/12/25,228.5
2017/12/26,226
2017/12/27,225
2017/12/28,226
2017/12/29,229.5
2018/1/2,232.5
2018/1/3,237
2018/1/4,239.5
2018/1/5,240
2018/1/8,242
2018/1/9,242
2018/1/10,236.5
2018/1/11,235
2018/1/12,237
2018/1/15,240
2018/1/16,240.5
2018/1/17,242
2018/1/18,248.5
2018/1/19,255.5
2018/1/22,261.5
2018/1/23,266
2018/1/24,258
2018/1/25,258
2018/1/26,255
2018/1/29,258.5
2018/1/30,253
2018/1/31,255
2018/2/1,259.5
2018/2/2,259.5
2018/2/5,253
2018/2/6,239
2018/2/7,240
2018/2/8,238.5
2018/2/9,232.5
2018/2/12,236.5
2018/2/21,242.5
2018/2/22,239.5
2018/2/23,245
2018/2/26,246.5
2018/2/27,246
2018/3/1,243
2018/3/2,240
2018/3/5,241.5
2018/3/6,250
2018/3/7,247
2018/3/8,249.5
2018/3/9,250.5
2018/3/12,254
2018/3/13,259
2018/3/14,257
2018/3/15,255
2018/3/16,255
2018/3/19,255
2018/3/20,253
2018/3/21,252.5
2018/3/22,251.5
2018/3/23,245
2018/3/26,243.5
2018/3/27,251
2018/3/28,245
2018/3/29,244
2018/3/30,246
2018/3/31,247.5
2018/4/2,246.5
2018/4/3,244
2018/4/9,245
2018/4/10,245.5
2018/4/11,248
2018/4/12,245
2018/4/13,244.5
2018/4/16,243.5
2018/4/17,238
2018/4/18,238
2018/4/19,244.5
2018/4/20,229
2018/4/23,226.5
2018/4/24,227
2018/4/25,225
2018/4/26,222
2018/4/27,223.5
2018/4/30,227
2018/5/2,223
2018/5/3,220.5
2018/5/4,223
2018/5/7,223.5
2018/5/8,228
2018/5/9,229.5
2018/5/10,229.5
2018/5/11,233
2018/5/14,233
2018/5/15,230.5
2018/5/16,230.5
2018/5/17,226.5
2018/5/18,223.5
2018/5/21,229
2018/5/22,229
2018/5/23,228.5
2018/5/24,229
2018/5/25,228.5
2018/5/28,227
2018/5/29,225
2018/5/30,221
2018/5/31,224
2018/6/1,224
2018/6/4,229
2018/6/5,229
2018/6/6,230
2018/6/7,230
2018/6/8,227
2018/6/11,226
2018/6/12,229
2018/6/13,232
2018/6/14,226.5
2018/6/15,231
2018/6/19,225
2018/6/20,226
2018/6/21,226.5
2018/6/22,227.5
2018/6/25,218
2018/6/26,214.5
2018/6/27,213
2018/6/28,212
2018/6/29,216.5
2018/7/2,214
2018/7/3,214.5
2018/7/4,216
2018/7/5,214.5
2018/7/6,217
2018/7/9,221.5
2018/7/10,222
2018/7/11,220
2018/7/12,220.5
2018/7/13,224.5
2018/7/16,223.5
2018/7/17,221.5
2018/7/18,223
2018/7/19,224.5
2018/7/20,237.5
2018/7/23,241
2018/7/24,241
2018/7/25,240.5
2018/7/26,241
2018/7/27,244.5
2018/7/30,245.5
2018/7/31,246
2018/8/1,248
2018/8/2,244.5
2018/8/3,247
2018/8/6,245.5
2018/8/7,241.5
2018/8/8,247.5
2018/8/9,247
2018/8/10,245
2018/8/13,240.5
2018/8/14,243.5
2018/8/15,241.5
2018/8/16,239
2018/8/17,239.5
2018/8/20,239.5
2018/8/21,241
2018/8/22,242
2018/8/23,244.5
2018/8/24,243.5
2018/8/25,245
2018/8/26,249.5
2018/8/27,259
2018/8/28,263.5
2018/8/29,256
2018/9/3,257
2018/9/4,257.5
2018/9/5,264
2018/9/6,261
2018/9/7,264
2018/9/10,264.5
2018/9/11,260
2018/9/12,260.5
2018/9/13,255
2018/9/14,261
2018/9/17,258
2018/9/18,254.5
2018/9/19,258
2018/9/20,260
2018/9/21,261.5
2018/9/22,263.5
2018/9/23,263.5
2018/9/24,265
2018/9/25,262.5
2018/10/1,263
2018/10/2,257.5
2018/10/3,260
2018/10/4,254
2018/10/5,250
2018/10/6,243.5
2018/10/7,244
2018/10/11,227.5
2018/10/12,237
2018/10/13,230.5
2018/10/14,237
2018/10/15,238.5
2018/10/16,236.5
2018/10/17,236
2018/10/18,237
2018/10/19,230
2018/10/20,229.5
2018/10/21,219.5
2018/10/22,221
2018/10/23,222.5
2018/10/24,223
2018/10/25,234
2018/11/1,235.5
2018/11/2,236.5
2018/11/3,235
2018/11/4,234.5
2018/11/5,234
2018/11/6,236.5
2018/11/7,231
2018/11/8,231.5
2018/11/9,227.5
2018/11/10,228.5
2018/11/11,231
2018/11/12,226
2018/11/13,222
2018/11/14,218
2018/11/15,219
2018/11/16,219
2018/11/17,218.5
2018/11/18,223
2018/11/19,224
2018/11/20,226.5
2018/11/21,229
2018/11/22,225.5
02018/12/03,235
02018/12/04,234
02018/12/05,226
02018/12/06,220
02018/12/07,221
02018/12/08,219
02018/12/09,222.5
02018/12/10,226.5
02018/12/11,226
02018/12/12,222.5
02018/12/13,223.5
02018/12/14,222.5
02018/12/15,225.5
02018/12/16,221
02018/12/17,223.5
02018/12/18,221.5
02018/12/19,220
02018/12/20,217.5
02018/12/21,216.5
02018/12/22,223
02018/12/23,225.5
2019/1/2,219.5
2019/1/3,215.5
2019/1/4,208
2019/1/5,213
2019/1/6,211
2019/1/7,215.5
2019/1/8,216
2019/1/9,220.5
2019/1/10,218.5
2019/1/11,221
2019/1/12,217.5
2019/1/13,220.5
2019/1/14,218.5
2019/1/15,221
2019/1/16,223
2019/1/17,220.5
2019/1/18,222.5
2019/1/19,226
2019/1/20,229
2019/1/21,222.5
2019/1/22,221
2019/2/11,228
2019/2/12,230
2019/2/13,229
2019/2/14,227
2019/2/15,227
2019/2/16,230
2019/2/17,229
2019/2/18,234.5
2019/2/19,236.5
2019/2/20,236.5
2019/2/21,238
2019/2/22,239.5
2019/2/23,239
2019/3/4,235.5
2019/3/5,233
2019/3/6,234
2019/3/7,234
2019/3/8,230
2019/3/9,230.5
2019/3/10,235.5
2019/3/11,237
2019/3/12,234.5
2019/3/13,239
2019/3/14,241
2019/3/15,240.5
2019/3/16,242
2019/3/17,245.5
2019/3/18,248.5
2019/3/19,241.5
2019/3/20,244
2019/3/21,241.5
2019/3/22,242
2019/3/23,245.5
2019/4/1,245.5
2019/4/2,246
2019/4/3,246.5
2019/4/4,253
2019/4/5,254
2019/4/6,254
2019/4/7,252
2019/4/8,252
2019/4/9,255.5
2019/4/10,257
2019/4/11,261.5
2019/4/12,264.5
2019/4/13,264.5
2019/4/14,266
2019/4/15,268
2019/4/16,269
2019/4/17,267.5
2019/4/18,260
2019/4/19,259.5
2019/4/20,259
2019/5/2,259
2019/5/3,265
2019/5/4,259
2019/5/5,262.5
2019/5/6,260
2019/5/7,256.5
2019/5/8,256
2019/5/9,250.5
2019/5/10,248.5
2019/5/11,249
2019/5/12,247
2019/5/13,241.5
2019/5/14,238
2019/5/15,234
2019/5/16,238
2019/5/17,230
2019/5/18,233
2019/5/19,231
2019/5/20,230.5
2019/5/21,229.5
2019/5/22,231
2019/5/23,235.5
2019/6/3,238
2019/6/4,233
2019/6/5,235
2019/6/6,232
2019/6/7,240
2019/6/8,244.5
2019/6/9,246
2019/6/10,240
2019/6/11,236
2019/6/12,233
2019/6/13,235.5
2019/6/14,244
2019/6/15,245
2019/6/16,248.5
2019/6/17,241
2019/6/18,238.5
2019/6/19,234.5
2019/6/20,240.5
2019/6/21,239
2019/7/1,248.5
2019/7/2,249
2019/7/3,242.5
2019/7/4,244
2019/7/5,243
2019/7/6,242.5
2019/7/7,242
2019/7/8,247
2019/7/9,250
2019/7/10,250.5
2019/7/11,254.5
2019/7/12,256
2019/7/13,252
2019/7/14,254
2019/7/15,259
2019/7/16,264
2019/7/17,264
2019/7/18,265
2019/7/19,265
2019/7/20,261
2019/7/21,261
2019/7/22,260
2019/7/23,259.5
2019/8/1,256.5
2019/8/2,251.5
2019/8/3,246.5
2019/8/4,248.5
2019/8/5,248
2019/8/6,253.5
2019/8/7,251
2019/8/8,246.5
2019/8/9,249.5
2019/8/10,248
2019/8/11,250
2019/8/12,252
2019/8/13,254.5
2019/8/14,254.5
2019/8/15,254
2019/8/16,254
2019/8/17,248.5
2019/8/18,250
2019/8/19,252
2019/8/20,254
2019/8/21,259
